{
"meta":{"test_sets":[],"test_metrics":[],"learn_metrics":[{"best_value":"Min","name":"Logloss"}],"launch_mode":"Train","parameters":"","iteration_count":1000,"learn_sets":["learn"],"name":"experiment"},
"iterations":[
{"learn":[0.6834089756],"iteration":0,"passed_time":0.009326467306,"remaining_time":9.317140839},
{"learn":[0.6711758375],"iteration":1,"passed_time":0.01669126397,"remaining_time":8.32894072},
{"learn":[0.6624593735],"iteration":2,"passed_time":0.0230325781,"remaining_time":7.654493455},
{"learn":[0.6324583292],"iteration":3,"passed_time":0.02978713107,"remaining_time":7.416995637},
{"learn":[0.6219046116],"iteration":4,"passed_time":0.03677296247,"remaining_time":7.317819532},
{"learn":[0.613830924],"iteration":5,"passed_time":0.04320517912,"remaining_time":7.157658008},
{"learn":[0.6062377095],"iteration":6,"passed_time":0.04957266588,"remaining_time":7.032236746},
{"learn":[0.5990929008],"iteration":7,"passed_time":0.05592889571,"remaining_time":6.935183068},
{"learn":[0.5921211243],"iteration":8,"passed_time":0.06220147537,"remaining_time":6.849073565},
{"learn":[0.5834746361],"iteration":9,"passed_time":0.06926322343,"remaining_time":6.857059119},
{"learn":[0.575229466],"iteration":10,"passed_time":0.07624379223,"remaining_time":6.855010047},
{"learn":[0.5673643351],"iteration":11,"passed_time":0.08326290326,"remaining_time":6.855312369},
{"learn":[0.5616733432],"iteration":12,"passed_time":0.09094035464,"remaining_time":6.904471541},
{"learn":[0.5544257164],"iteration":13,"passed_time":0.1004040904,"remaining_time":7.071316654},
{"learn":[0.5493021011],"iteration":14,"passed_time":0.1094616142,"remaining_time":7.18797933},
{"learn":[0.5426090956],"iteration":15,"passed_time":0.1189389024,"remaining_time":7.314742496},
{"learn":[0.5362143517],"iteration":16,"passed_time":0.1256617348,"remaining_time":7.266205015},
{"learn":[0.5301021338],"iteration":17,"passed_time":0.1327579049,"remaining_time":7.242681255},
{"learn":[0.5258779526],"iteration":18,"passed_time":0.1392760722,"remaining_time":7.191043517},
{"learn":[0.521884799],"iteration":19,"passed_time":0.1456727187,"remaining_time":7.137963218},
{"learn":[0.5163881779],"iteration":20,"passed_time":0.1531608421,"remaining_time":7.14021259},
{"learn":[0.5127703547],"iteration":21,"passed_time":0.1594070586,"remaining_time":7.086368334},
{"learn":[0.5093449354],"iteration":22,"passed_time":0.166154665,"remaining_time":7.057961204},
{"learn":[0.5060998201],"iteration":23,"passed_time":0.1730502053,"remaining_time":7.037375017},
{"learn":[0.5030235052],"iteration":24,"passed_time":0.1797863843,"remaining_time":7.011668989},
{"learn":[0.5001051426],"iteration":25,"passed_time":0.1868535453,"remaining_time":6.999821276},
{"learn":[0.4973349869],"iteration":26,"passed_time":0.193459468,"remaining_time":6.971706012},
{"learn":[0.4947036505],"iteration":27,"passed_time":0.2000656105,"remaining_time":6.945134764},
{"learn":[0.4902951419],"iteration":28,"passed_time":0.208546735,"remaining_time":6.982719989},
{"learn":[0.4860690832],"iteration":29,"passed_time":0.2175202778,"remaining_time":7.033155648},
{"learn":[0.4837517142],"iteration":30,"passed_time":0.2264012791,"remaining_time":7.07686579},
{"learn":[0.4815463126],"iteration":31,"passed_time":0.234755921,"remaining_time":7.101366609},
{"learn":[0.4621101916],"iteration":32,"passed_time":0.2437252336,"remaining_time":7.141887906},
{"learn":[0.4601368308],"iteration":33,"passed_time":0.2534497534,"remaining_time":7.200954759},
{"learn":[0.4582540393],"iteration":34,"passed_time":0.2602886081,"remaining_time":7.176528767},
{"learn":[0.454714179],"iteration":35,"passed_time":0.2668520538,"remaining_time":7.145704996},
{"learn":[0.4513150454],"iteration":36,"passed_time":0.2740021032,"remaining_time":7.131460144},
{"learn":[0.4480498433],"iteration":37,"passed_time":0.2807273159,"remaining_time":7.106833629},
{"learn":[0.4449117184],"iteration":38,"passed_time":0.2883839274,"remaining_time":7.10607575},
{"learn":[0.4433411956],"iteration":39,"passed_time":0.2959856726,"remaining_time":7.103656143},
{"learn":[0.4403730631],"iteration":40,"passed_time":0.3033361867,"remaining_time":7.095107391},
{"learn":[0.43751809],"iteration":41,"passed_time":0.3100840837,"remaining_time":7.072870291},
{"learn":[0.4204757214],"iteration":42,"passed_time":0.316645284,"remaining_time":7.047198531},
{"learn":[0.4178802073],"iteration":43,"passed_time":0.324664809,"remaining_time":7.054080849},
{"learn":[0.4165903926],"iteration":44,"passed_time":0.3315792949,"remaining_time":7.036849482},
{"learn":[0.4141277373],"iteration":45,"passed_time":0.3391123655,"remaining_time":7.032895581},
{"learn":[0.4117895663],"iteration":46,"passed_time":0.3456357506,"remaining_time":7.008316391},
{"learn":[0.4095082283],"iteration":47,"passed_time":0.3535357793,"remaining_time":7.011792956},
{"learn":[0.407307446],"iteration":48,"passed_time":0.3604963954,"remaining_time":6.996572898},
{"learn":[0.406183213],"iteration":49,"passed_time":0.3675933276,"remaining_time":6.984273225},
{"learn":[0.3907990754],"iteration":50,"passed_time":0.3749341134,"remaining_time":6.976715169},
{"learn":[0.3888193667],"iteration":51,"passed_time":0.3817908559,"remaining_time":6.960340988},
{"learn":[0.3869071007],"iteration":52,"passed_time":0.3886279514,"remaining_time":6.943974905},
{"learn":[0.3850592375],"iteration":53,"passed_time":0.3956300367,"remaining_time":6.930852124},
{"learn":[0.3841177821],"iteration":54,"passed_time":0.4021680014,"remaining_time":6.909977478},
{"learn":[0.3832128644],"iteration":55,"passed_time":0.408443057,"remaining_time":6.88518296},
{"learn":[0.381473124],"iteration":56,"passed_time":0.4153254358,"remaining_time":6.871085719},
{"learn":[0.367377907],"iteration":57,"passed_time":0.4223303278,"remaining_time":6.859227048},
{"learn":[0.3665710986],"iteration":58,"passed_time":0.4288000191,"remaining_time":6.838996915},
{"learn":[0.3649964929],"iteration":59,"passed_time":0.4356976946,"remaining_time":6.825930548},
{"learn":[0.3634725213],"iteration":60,"passed_time":0.4425893155,"remaining_time":6.812973234},
{"learn":[0.3619970083],"iteration":61,"passed_time":0.4493425053,"remaining_time":6.798117257},
{"learn":[0.3489073813],"iteration":62,"passed_time":0.4558643414,"remaining_time":6.780077585},
{"learn":[0.3482175171],"iteration":63,"passed_time":0.4621361492,"remaining_time":6.758741182},
{"learn":[0.3468768597],"iteration":64,"passed_time":0.4692167123,"remaining_time":6.749501938},
{"learn":[0.3455774188],"iteration":65,"passed_time":0.475853734,"remaining_time":6.734051326},
{"learn":[0.3443173468],"iteration":66,"passed_time":0.482670175,"remaining_time":6.721362288},
{"learn":[0.3436944783],"iteration":67,"passed_time":0.4890370654,"remaining_time":6.702684484},
{"learn":[0.3424854875],"iteration":68,"passed_time":0.4963893737,"remaining_time":6.697659521},
{"learn":[0.3418964744],"iteration":69,"passed_time":0.5027861005,"remaining_time":6.679872477},
{"learn":[0.3407355249],"iteration":70,"passed_time":0.5096730903,"remaining_time":6.66882114},
{"learn":[0.3396087885],"iteration":71,"passed_time":0.516578795,"remaining_time":6.658126691},
{"learn":[0.3385148048],"iteration":72,"passed_time":0.52365377,"remaining_time":6.649685545},
{"learn":[0.3374610841],"iteration":73,"passed_time":0.5300797715,"remaining_time":6.633160384},
{"learn":[0.3369253278],"iteration":74,"passed_time":0.5373662022,"remaining_time":6.627516494},
{"learn":[0.3359077573],"iteration":75,"passed_time":0.5462099995,"remaining_time":6.640763678},
{"learn":[0.3349185586],"iteration":76,"passed_time":0.5552040514,"remaining_time":6.655238174},
{"learn":[0.333956629],"iteration":77,"passed_time":0.5643289413,"remaining_time":6.670657486},
{"learn":[0.3222286403],"iteration":78,"passed_time":0.5741751624,"remaining_time":6.693864868},
{"learn":[0.3213396668],"iteration":79,"passed_time":0.5834121656,"remaining_time":6.709239904},
{"learn":[0.3102559447],"iteration":80,"passed_time":0.5902724619,"remaining_time":6.697041883},
{"learn":[0.3094324172],"iteration":81,"passed_time":0.5974703504,"remaining_time":6.688753435},
{"learn":[0.309001416],"iteration":82,"passed_time":0.6077573161,"remaining_time":6.714619986},
{"learn":[0.2985346913],"iteration":83,"passed_time":0.6171092193,"remaining_time":6.729429105},
{"learn":[0.2981333733],"iteration":84,"passed_time":0.6239835439,"remaining_time":6.716999325},
{"learn":[0.2977438569],"iteration":85,"passed_time":0.6308912834,"remaining_time":6.705053872},
{"learn":[0.2969999909],"iteration":86,"passed_time":0.6377035545,"remaining_time":6.692222359},
{"learn":[0.2962751687],"iteration":87,"passed_time":0.6447981612,"remaining_time":6.68245367},
{"learn":[0.2864251435],"iteration":88,"passed_time":0.651657991,"remaining_time":6.670341908},
{"learn":[0.2857506871],"iteration":89,"passed_time":0.6584156915,"remaining_time":6.657314215},
{"learn":[0.2850930393],"iteration":90,"passed_time":0.6652439058,"remaining_time":6.645128685},
{"learn":[0.2844514847],"iteration":91,"passed_time":0.6717751945,"remaining_time":6.630129094},
{"learn":[0.2838252783],"iteration":92,"passed_time":0.6788182779,"remaining_time":6.62030299},
{"learn":[0.2834951282],"iteration":93,"passed_time":0.685354318,"remaining_time":6.605649065},
{"learn":[0.2828890085],"iteration":94,"passed_time":0.6923268992,"remaining_time":6.595324672},
{"learn":[0.282297194],"iteration":95,"passed_time":0.6993516522,"remaining_time":6.585561392},
{"learn":[0.2817192674],"iteration":96,"passed_time":0.7060035095,"remaining_time":6.572383186},
{"learn":[0.2725487947],"iteration":97,"passed_time":0.7128604173,"remaining_time":6.561225474},
{"learn":[0.2720090747],"iteration":98,"passed_time":0.7198907302,"remaining_time":6.551732807},
{"learn":[0.2717180252],"iteration":99,"passed_time":0.7261888159,"remaining_time":6.535699343},
{"learn":[0.2714346945],"iteration":100,"passed_time":0.7329328286,"remaining_time":6.523827851},
{"learn":[0.2709154785],"iteration":101,"passed_time":0.7396960373,"remaining_time":6.512225897},
{"learn":[0.2704079151],"iteration":102,"passed_time":0.7464402054,"remaining_time":6.50055208},
{"learn":[0.2699116766],"iteration":103,"passed_time":0.7533973582,"remaining_time":6.490808009},
{"learn":[0.2694263458],"iteration":104,"passed_time":0.7604322219,"remaining_time":6.481779416},
{"learn":[0.2608243823],"iteration":105,"passed_time":0.7672802686,"remaining_time":6.471212832},
{"learn":[0.2603699863],"iteration":106,"passed_time":0.7743649014,"remaining_time":6.462690252},
{"learn":[0.2599251866],"iteration":107,"passed_time":0.7810690438,"remaining_time":6.451051732},
{"learn":[0.2596800327],"iteration":108,"passed_time":0.7882864844,"remaining_time":6.443699611},
{"learn":[0.2594412565],"iteration":109,"passed_time":0.7946634338,"remaining_time":6.429549601},
{"learn":[0.2590121031],"iteration":110,"passed_time":0.8017936858,"remaining_time":6.421572853},
{"learn":[0.2585919797],"iteration":111,"passed_time":0.8087594341,"remaining_time":6.412306942},
{"learn":[0.2581804991],"iteration":112,"passed_time":0.8158507028,"remaining_time":6.404067021},
{"learn":[0.2500920296],"iteration":113,"passed_time":0.8225354387,"remaining_time":6.392687708},
{"learn":[0.2498752922],"iteration":114,"passed_time":0.8294216868,"remaining_time":6.382940807},
{"learn":[0.2421796322],"iteration":115,"passed_time":0.8371032581,"remaining_time":6.379304139},
{"learn":[0.2419746369],"iteration":116,"passed_time":0.8440027679,"remaining_time":6.369696103},
{"learn":[0.2417743802],"iteration":117,"passed_time":0.8512688399,"remaining_time":6.362873871},
{"learn":[0.2415786684],"iteration":118,"passed_time":0.8577895684,"remaining_time":6.350526132},
{"learn":[0.2413873672],"iteration":119,"passed_time":0.8641908259,"remaining_time":6.33739939},
{"learn":[0.2412002981],"iteration":120,"passed_time":0.8706484935,"remaining_time":6.324793601},
{"learn":[0.2408434302],"iteration":121,"passed_time":0.8773964858,"remaining_time":6.314377988},
{"learn":[0.240493983],"iteration":122,"passed_time":0.8842984214,"remaining_time":6.305119639},
{"learn":[0.2401516289],"iteration":123,"passed_time":0.8914007118,"remaining_time":6.297314706},
{"learn":[0.2399745733],"iteration":124,"passed_time":0.8988351814,"remaining_time":6.29184627},
{"learn":[0.2396410853],"iteration":125,"passed_time":0.9062269542,"remaining_time":6.28605046},
{"learn":[0.2323892713],"iteration":126,"passed_time":0.9131787892,"remaining_time":6.277205378},
{"learn":[0.2322226167],"iteration":127,"passed_time":0.9197891572,"remaining_time":6.266063633},
{"learn":[0.2319102734],"iteration":128,"passed_time":0.9294839459,"remaining_time":6.27581796},
{"learn":[0.2316040695],"iteration":129,"passed_time":0.936668578,"remaining_time":6.268474329},
{"learn":[0.2314443141],"iteration":130,"passed_time":0.9430601724,"remaining_time":6.255872441},
{"learn":[0.2312878966],"iteration":131,"passed_time":0.949412944,"remaining_time":6.243109359},
{"learn":[0.2311345935],"iteration":132,"passed_time":0.9557644324,"remaining_time":6.230434308},
{"learn":[0.2308389693],"iteration":133,"passed_time":0.9622514953,"remaining_time":6.218729813},
{"learn":[0.2305492908],"iteration":134,"passed_time":0.9689479593,"remaining_time":6.208444332},
{"learn":[0.2304020971],"iteration":135,"passed_time":0.9752234359,"remaining_time":6.195537122},
{"learn":[0.2301193774],"iteration":136,"passed_time":0.9822954739,"remaining_time":6.187744482},
{"learn":[0.2298419625],"iteration":137,"passed_time":0.989493212,"remaining_time":6.180747455},
{"learn":[0.2295699865],"iteration":138,"passed_time":0.9961763842,"remaining_time":6.170560193},
{"learn":[0.2292984724],"iteration":139,"passed_time":1.002408016,"remaining_time":6.15764924},
{"learn":[0.2290380448],"iteration":140,"passed_time":1.00895012,"remaining_time":6.146724493},
{"learn":[0.2288978845],"iteration":141,"passed_time":1.015671915,"remaining_time":6.136947205},
{"learn":[0.2220968306],"iteration":142,"passed_time":1.022448812,"remaining_time":6.127542877},
{"learn":[0.2218520045],"iteration":143,"passed_time":1.029301028,"remaining_time":6.118622779},
{"learn":[0.221719861],"iteration":144,"passed_time":1.035689004,"remaining_time":6.106993782},
{"learn":[0.2215904593],"iteration":145,"passed_time":1.042492494,"remaining_time":6.097867054},
{"learn":[0.22135216],"iteration":146,"passed_time":1.049249914,"remaining_time":6.088504602},
{"learn":[0.2211182117],"iteration":147,"passed_time":1.055951921,"remaining_time":6.078858357},
{"learn":[0.220993489],"iteration":148,"passed_time":1.062344117,"remaining_time":6.067482172},
{"learn":[0.2207645178],"iteration":149,"passed_time":1.069401164,"remaining_time":6.059939928},
{"learn":[0.2143180072],"iteration":150,"passed_time":1.07603594,"remaining_time":6.050029889},
{"learn":[0.214098841],"iteration":151,"passed_time":1.082415005,"remaining_time":6.038736342},
{"learn":[0.2138871849],"iteration":152,"passed_time":1.089381374,"remaining_time":6.030758328},
{"learn":[0.2137691677],"iteration":153,"passed_time":1.095928541,"remaining_time":6.020490557},
{"learn":[0.2135619819],"iteration":154,"passed_time":1.103424177,"remaining_time":6.015441484},
{"learn":[0.2074321508],"iteration":155,"passed_time":1.110232825,"remaining_time":6.006644258},
{"learn":[0.2073204517],"iteration":156,"passed_time":1.116773641,"remaining_time":5.996434266},
{"learn":[0.2071248293],"iteration":157,"passed_time":1.123470446,"remaining_time":5.987101998},
{"learn":[0.2069323361],"iteration":158,"passed_time":1.130140848,"remaining_time":5.977663227},
{"learn":[0.2067429423],"iteration":159,"passed_time":1.137272804,"remaining_time":5.97068222},
{"learn":[0.206635952],"iteration":160,"passed_time":1.143717576,"remaining_time":5.960118298},
{"learn":[0.2064503133],"iteration":161,"passed_time":1.150609873,"remaining_time":5.951920208},
{"learn":[0.2062675655],"iteration":162,"passed_time":1.157317163,"remaining_time":5.942788132},
{"learn":[0.20616436],"iteration":163,"passed_time":1.163598839,"remaining_time":5.931516035},
{"learn":[0.2059851885],"iteration":164,"passed_time":1.170355939,"remaining_time":5.922710356},
{"learn":[0.2058846205],"iteration":165,"passed_time":1.176917515,"remaining_time":5.912947032},
{"learn":[0.2057089806],"iteration":166,"passed_time":1.183786592,"remaining_time":5.904755874},
{"learn":[0.2055360973],"iteration":167,"passed_time":1.19082745,"remaining_time":5.89743118},
{"learn":[0.2053657472],"iteration":168,"passed_time":1.198165243,"remaining_time":5.891569925},
{"learn":[0.2052692175],"iteration":169,"passed_time":1.204687385,"remaining_time":5.881708999},
{"learn":[0.2051022053],"iteration":170,"passed_time":1.211341748,"remaining_time":5.872528126},
{"learn":[0.1993177235],"iteration":171,"passed_time":1.218102977,"remaining_time":5.863891077},
{"learn":[0.1991588473],"iteration":172,"passed_time":1.225403582,"remaining_time":5.857854119},
{"learn":[0.1936357319],"iteration":173,"passed_time":1.231920211,"remaining_time":5.848081},
{"learn":[0.1935469359],"iteration":174,"passed_time":1.238152429,"remaining_time":5.837004309},
{"learn":[0.1933962554],"iteration":175,"passed_time":1.24499192,"remaining_time":5.828825807},
{"learn":[0.1881215572],"iteration":176,"passed_time":1.251545933,"remaining_time":5.819335045},
{"learn":[0.188037008],"iteration":177,"passed_time":1.257887758,"remaining_time":5.808897401},
{"learn":[0.1878939867],"iteration":178,"passed_time":1.264845648,"remaining_time":5.801331156},
{"learn":[0.1877529323],"iteration":179,"passed_time":1.271577261,"remaining_time":5.792740857},
{"learn":[0.1876709908],"iteration":180,"passed_time":1.278183123,"remaining_time":5.783602088},
{"learn":[0.1875326037],"iteration":181,"passed_time":1.286594381,"remaining_time":5.782605512},
{"learn":[0.1873961389],"iteration":182,"passed_time":1.296514789,"remaining_time":5.788265479},
{"learn":[0.1873165667],"iteration":183,"passed_time":1.30341893,"remaining_time":5.780379603},
{"learn":[0.1871825457],"iteration":184,"passed_time":1.310480117,"remaining_time":5.77319619},
{"learn":[0.187105],"iteration":185,"passed_time":1.31715959,"remaining_time":5.764343582},
{"learn":[0.1869732291],"iteration":186,"passed_time":1.323722174,"remaining_time":5.755006028},
{"learn":[0.1819577366],"iteration":187,"passed_time":1.330813148,"remaining_time":5.747980193},
{"learn":[0.1818835586],"iteration":188,"passed_time":1.337257202,"remaining_time":5.738177728},
{"learn":[0.1817582846],"iteration":189,"passed_time":1.34383015,"remaining_time":5.728960113},
{"learn":[0.1816346645],"iteration":190,"passed_time":1.351374102,"remaining_time":5.723882976},
{"learn":[0.1815127879],"iteration":191,"passed_time":1.358428833,"remaining_time":5.71672134},
{"learn":[0.1767236888],"iteration":192,"passed_time":1.365026431,"remaining_time":5.707649376},
{"learn":[0.1766535789],"iteration":193,"passed_time":1.371315159,"remaining_time":5.697319681},
{"learn":[0.1720682085],"iteration":194,"passed_time":1.377849004,"remaining_time":5.688043323},
{"learn":[0.1676743478],"iteration":195,"passed_time":1.384518172,"remaining_time":5.679350054},
{"learn":[0.1675648987],"iteration":196,"passed_time":1.39101556,"remaining_time":5.66997713},
{"learn":[0.1674990654],"iteration":197,"passed_time":1.397544212,"remaining_time":5.660759891},
{"learn":[0.1673914492],"iteration":198,"passed_time":1.404446649,"remaining_time":5.653074201},
{"learn":[0.1673270911],"iteration":199,"passed_time":1.41064031,"remaining_time":5.64256124},
{"learn":[0.1672196388],"iteration":200,"passed_time":1.41724295,"remaining_time":5.633716998},
{"learn":[0.1671159416],"iteration":201,"passed_time":1.424422134,"remaining_time":5.627172588},
{"learn":[0.1670135558],"iteration":202,"passed_time":1.431828872,"remaining_time":5.621515326},
{"learn":[0.16281721],"iteration":203,"passed_time":1.438688527,"remaining_time":5.613706212},
{"learn":[0.1627188921],"iteration":204,"passed_time":1.451931205,"remaining_time":5.630660039},
{"learn":[0.1626218259],"iteration":205,"passed_time":1.460587008,"remaining_time":5.629641184},
{"learn":[0.1625259221],"iteration":206,"passed_time":1.467768171,"remaining_time":5.622899323},
{"learn":[0.1624312103],"iteration":207,"passed_time":1.474718814,"remaining_time":5.615275482},
{"learn":[0.162337482],"iteration":208,"passed_time":1.481575792,"remaining_time":5.607303594},
{"learn":[0.1622772813],"iteration":209,"passed_time":1.48903682,"remaining_time":5.601614704},
{"learn":[0.1622179449],"iteration":210,"passed_time":1.497178217,"remaining_time":5.598453142},
{"learn":[0.1621595621],"iteration":211,"passed_time":1.503812382,"remaining_time":5.589642248},
{"learn":[0.1581498981],"iteration":212,"passed_time":1.51048994,"remaining_time":5.581012127},
{"learn":[0.1580934525],"iteration":213,"passed_time":1.516825771,"remaining_time":5.571145123},
{"learn":[0.1580047011],"iteration":214,"passed_time":1.524031038,"remaining_time":5.564485417},
{"learn":[0.1579177976],"iteration":215,"passed_time":1.530588123,"remaining_time":5.555468003},
{"learn":[0.1578316242],"iteration":216,"passed_time":1.537364699,"remaining_time":5.54726525},
{"learn":[0.1539907157],"iteration":217,"passed_time":1.544354094,"remaining_time":5.539838997},
{"learn":[0.1539077759],"iteration":218,"passed_time":1.551380076,"remaining_time":5.532547213},
{"learn":[0.1538257897],"iteration":219,"passed_time":1.558064572,"remaining_time":5.524047118},
{"learn":[0.1537719518],"iteration":220,"passed_time":1.564344328,"remaining_time":5.514136796},
{"learn":[0.1500889808],"iteration":221,"passed_time":1.571092902,"remaining_time":5.505902152},
{"learn":[0.1500102878],"iteration":222,"passed_time":1.578090637,"remaining_time":5.49854899},
{"learn":[0.1499323696],"iteration":223,"passed_time":1.585307025,"remaining_time":5.49195648},
{"learn":[0.1463980079],"iteration":224,"passed_time":1.592213532,"remaining_time":5.484291054},
{"learn":[0.1463227868],"iteration":225,"passed_time":1.600374405,"remaining_time":5.480928271},
{"learn":[0.1462484598],"iteration":226,"passed_time":1.608758146,"remaining_time":5.478282146},
{"learn":[0.1461986303],"iteration":227,"passed_time":1.616409631,"remaining_time":5.473106293},
{"learn":[0.1461253762],"iteration":228,"passed_time":1.623312328,"remaining_time":5.465387794},
{"learn":[0.1460560709],"iteration":229,"passed_time":1.629912622,"remaining_time":5.456663996},
{"learn":[0.1426665187],"iteration":230,"passed_time":1.636712999,"remaining_time":5.448624661},
{"learn":[0.1425968558],"iteration":231,"passed_time":1.643640296,"remaining_time":5.441016152},
{"learn":[0.1425485164],"iteration":232,"passed_time":1.649943569,"remaining_time":5.431359302},
{"learn":[0.1392916441],"iteration":233,"passed_time":1.656646899,"remaining_time":5.423040705},
{"learn":[0.139224574],"iteration":234,"passed_time":1.663433088,"remaining_time":5.415005584},
{"learn":[0.1360928118],"iteration":235,"passed_time":1.670091621,"remaining_time":5.406567791},
{"learn":[0.1360278577],"iteration":236,"passed_time":1.677239084,"remaining_time":5.399719077},
{"learn":[0.1359636784],"iteration":237,"passed_time":1.684148087,"remaining_time":5.392104379},
{"learn":[0.1329521239],"iteration":238,"passed_time":1.691077388,"remaining_time":5.384560219},
{"learn":[0.132907778],"iteration":239,"passed_time":1.69805721,"remaining_time":5.377181165},
{"learn":[0.1328487545],"iteration":240,"passed_time":1.704630158,"remaining_time":5.368524026},
{"learn":[0.132792294],"iteration":241,"passed_time":1.71116698,"remaining_time":5.359770955},
{"learn":[0.1327320337],"iteration":242,"passed_time":1.718431163,"remaining_time":5.353302018},
{"learn":[0.1326875687],"iteration":243,"passed_time":1.725639492,"remaining_time":5.346653507},
{"learn":[0.1326280087],"iteration":244,"passed_time":1.732472964,"remaining_time":5.338845255},
{"learn":[0.1297344267],"iteration":245,"passed_time":1.739414479,"remaining_time":5.331376086},
{"learn":[0.1296820939],"iteration":246,"passed_time":1.745751017,"remaining_time":5.322066864},
{"learn":[0.1268954426],"iteration":247,"passed_time":1.752657453,"remaining_time":5.314509696},
{"learn":[0.1268529147],"iteration":248,"passed_time":1.75925899,"remaining_time":5.306038158},
{"learn":[0.126797393],"iteration":249,"passed_time":1.766680308,"remaining_time":5.300040925},
{"learn":[0.1267423034],"iteration":250,"passed_time":1.773410653,"remaining_time":5.291970436},
{"learn":[0.1266877651],"iteration":251,"passed_time":1.780579458,"remaining_time":5.285212041},
{"learn":[0.1266337633],"iteration":252,"passed_time":1.787733542,"remaining_time":5.27840694},
{"learn":[0.1265799999],"iteration":253,"passed_time":1.794792182,"remaining_time":5.271318771},
{"learn":[0.126526773],"iteration":254,"passed_time":1.802066053,"remaining_time":5.264859645},
{"learn":[0.1264740378],"iteration":255,"passed_time":1.808938779,"remaining_time":5.257228326},
{"learn":[0.1264217645],"iteration":256,"passed_time":1.816133986,"remaining_time":5.25053522},
{"learn":[0.1263699532],"iteration":257,"passed_time":1.823171707,"remaining_time":5.243385296},
{"learn":[0.1236942708],"iteration":258,"passed_time":1.830347157,"remaining_time":5.236630282},
{"learn":[0.1211144105],"iteration":259,"passed_time":1.837150466,"remaining_time":5.228812866},
{"learn":[0.1210760847],"iteration":260,"passed_time":1.844497677,"remaining_time":5.222543232},
{"learn":[0.1210381761],"iteration":261,"passed_time":1.851717704,"remaining_time":5.215907121},
{"learn":[0.1209941357],"iteration":262,"passed_time":1.858715289,"remaining_time":5.208643224},
{"learn":[0.118507646],"iteration":263,"passed_time":1.865996743,"remaining_time":5.202172737},
{"learn":[0.1184705645],"iteration":264,"passed_time":1.87304162,"remaining_time":5.195039966},
{"learn":[0.1184233576],"iteration":265,"passed_time":1.88058448,"remaining_time":5.189281985},
{"learn":[0.1183870062],"iteration":266,"passed_time":1.887251754,"remaining_time":5.181106874},
{"learn":[0.1159895137],"iteration":267,"passed_time":1.894169277,"remaining_time":5.173626532},
{"learn":[0.1159480661],"iteration":268,"passed_time":1.900628132,"remaining_time":5.164903957},
{"learn":[0.1159027368],"iteration":269,"passed_time":1.907545675,"remaining_time":5.157438307},
{"learn":[0.1158577949],"iteration":270,"passed_time":1.914768022,"remaining_time":5.150796636},
{"learn":[0.1158189625],"iteration":271,"passed_time":1.92126323,"remaining_time":5.142204527},
{"learn":[0.1157832369],"iteration":272,"passed_time":1.928087921,"remaining_time":5.134505195},
{"learn":[0.1157455742],"iteration":273,"passed_time":1.934975973,"remaining_time":5.126980133},
{"learn":[0.1157021001],"iteration":274,"passed_time":1.942428797,"remaining_time":5.120948646},
{"learn":[0.1156667322],"iteration":275,"passed_time":1.949009333,"remaining_time":5.112618686},
{"learn":[0.1156320423],"iteration":276,"passed_time":1.955668268,"remaining_time":5.104505984},
{"learn":[0.1155953929],"iteration":277,"passed_time":1.96234751,"remaining_time":5.096456484},
{"learn":[0.1155528873],"iteration":278,"passed_time":1.969193743,"remaining_time":5.088848346},
{"learn":[0.1132455319],"iteration":279,"passed_time":1.975980713,"remaining_time":5.081093263},
{"learn":[0.1110170484],"iteration":280,"passed_time":1.982803695,"remaining_time":5.073437213},
{"learn":[0.1109836549],"iteration":281,"passed_time":1.989424869,"remaining_time":5.065273248},
{"learn":[0.1088311225],"iteration":282,"passed_time":1.996282493,"remaining_time":5.05771925},
{"learn":[0.1067504212],"iteration":283,"passed_time":2.003055811,"remaining_time":5.049957609},
{"learn":[0.1067113951],"iteration":284,"passed_time":2.010335531,"remaining_time":5.04347335},
{"learn":[0.1047001928],"iteration":285,"passed_time":2.017043583,"remaining_time":5.035556357},
{"learn":[0.1046619862],"iteration":286,"passed_time":2.024269774,"remaining_time":5.028935014},
{"learn":[0.1046242416],"iteration":287,"passed_time":2.031657322,"remaining_time":5.022708379},
{"learn":[0.1045865864],"iteration":288,"passed_time":2.038854103,"remaining_time":5.016004385},
{"learn":[0.1045545936],"iteration":289,"passed_time":2.045291297,"remaining_time":5.007437312},
{"learn":[0.1045175567],"iteration":290,"passed_time":2.052425759,"remaining_time":5.000583721},
{"learn":[0.104486838],"iteration":291,"passed_time":2.059469935,"remaining_time":4.993509294},
{"learn":[0.1044503227],"iteration":292,"passed_time":2.066796867,"remaining_time":4.987117356},
{"learn":[0.1044139341],"iteration":293,"passed_time":2.073895895,"remaining_time":4.980171774},
{"learn":[0.1043779552],"iteration":294,"passed_time":2.080846271,"remaining_time":4.972869902},
{"learn":[0.1043421701],"iteration":295,"passed_time":2.088324631,"remaining_time":4.96682615},
{"learn":[0.104306668],"iteration":296,"passed_time":2.095416301,"remaining_time":4.959857439},
{"learn":[0.1042770743],"iteration":297,"passed_time":2.102272542,"remaining_time":4.952333304},
{"learn":[0.1042419448],"iteration":298,"passed_time":2.109957957,"remaining_time":4.946757619},
{"learn":[0.1023033932],"iteration":299,"passed_time":2.116843775,"remaining_time":4.939302141},
{"learn":[0.1022690758],"iteration":300,"passed_time":2.123606608,"remaining_time":4.931564846},
{"learn":[0.1022348329],"iteration":301,"passed_time":2.130737641,"remaining_time":4.924685012},
{"learn":[0.1022010148],"iteration":302,"passed_time":2.137891299,"remaining_time":4.917855563},
{"learn":[0.1021674126],"iteration":303,"passed_time":2.147691711,"remaining_time":4.917083653},
{"learn":[0.1021339446],"iteration":304,"passed_time":2.154995127,"remaining_time":4.910562667},
{"learn":[0.1021008864],"iteration":305,"passed_time":2.164392233,"remaining_time":4.908785},
{"learn":[0.1020731479],"iteration":306,"passed_time":2.172413908,"remaining_time":4.903852894},
{"learn":[0.1020458639],"iteration":307,"passed_time":2.179254076,"remaining_time":4.896246171},
{"learn":[0.1020189673],"iteration":308,"passed_time":2.185907467,"remaining_time":4.888226731},
{"learn":[0.1019863486],"iteration":309,"passed_time":2.193259359,"remaining_time":4.881770832},
{"learn":[0.1019540653],"iteration":310,"passed_time":2.200684813,"remaining_time":4.875472142},
{"learn":[0.1019218266],"iteration":311,"passed_time":2.207584568,"remaining_time":4.868006997},
{"learn":[0.1018944681],"iteration":312,"passed_time":2.21406089,"remaining_time":4.859616076},
{"learn":[0.1018680632],"iteration":313,"passed_time":2.220462343,"remaining_time":4.851073782},
{"learn":[0.1018413752],"iteration":314,"passed_time":2.227258967,"remaining_time":4.843404421},
{"learn":[0.09997217357],"iteration":315,"passed_time":2.238357505,"remaining_time":4.845052321},
{"learn":[0.09994135797],"iteration":316,"passed_time":2.250822412,"remaining_time":4.849563746},
{"learn":[0.09991072118],"iteration":317,"passed_time":2.261684895,"remaining_time":4.850531756},
{"learn":[0.09988035262],"iteration":318,"passed_time":2.270941159,"remaining_time":4.847996644},
{"learn":[0.09985031933],"iteration":319,"passed_time":2.280794041,"remaining_time":4.846687338},
{"learn":[0.09982478619],"iteration":320,"passed_time":2.289633353,"remaining_time":4.84318083},
{"learn":[0.09979972988],"iteration":321,"passed_time":2.298275773,"remaining_time":4.839226628},
{"learn":[0.09977003932],"iteration":322,"passed_time":2.306810937,"remaining_time":4.835018589},
{"learn":[0.09974049032],"iteration":323,"passed_time":2.314282395,"remaining_time":4.828564504},
{"learn":[0.09971573204],"iteration":324,"passed_time":2.321735861,"remaining_time":4.822066788},
{"learn":[0.09968653321],"iteration":325,"passed_time":2.328812033,"remaining_time":4.814783161},
{"learn":[0.0996575579],"iteration":326,"passed_time":2.335828012,"remaining_time":4.807376918},
{"learn":[0.09785268456],"iteration":327,"passed_time":2.342827421,"remaining_time":4.799939106},
{"learn":[0.09782434255],"iteration":328,"passed_time":2.349999523,"remaining_time":4.79285617},
{"learn":[0.09780015051],"iteration":329,"passed_time":2.356865327,"remaining_time":4.785150816},
{"learn":[0.09605312347],"iteration":330,"passed_time":2.36405038,"remaining_time":4.778095784},
{"learn":[0.09602542222],"iteration":331,"passed_time":2.371041524,"remaining_time":4.770649814},
{"learn":[0.0960020721],"iteration":332,"passed_time":2.377832114,"remaining_time":4.762804864},
{"learn":[0.09597924352],"iteration":333,"passed_time":2.384818291,"remaining_time":4.755356233},
{"learn":[0.09595192969],"iteration":334,"passed_time":2.392850601,"remaining_time":4.749987015},
{"learn":[0.09592935443],"iteration":335,"passed_time":2.399364909,"remaining_time":4.741602083},
{"learn":[0.09590248764],"iteration":336,"passed_time":2.406353543,"remaining_time":4.734161421},
{"learn":[0.09587563574],"iteration":337,"passed_time":2.413640169,"remaining_time":4.727307076},
{"learn":[0.09585341811],"iteration":338,"passed_time":2.420019915,"remaining_time":4.718681899},
{"learn":[0.09416368604],"iteration":339,"passed_time":2.426832717,"remaining_time":4.710910569},
{"learn":[0.09414058924],"iteration":340,"passed_time":2.435130318,"remaining_time":4.706014309},
{"learn":[0.09411858022],"iteration":341,"passed_time":2.443483992,"remaining_time":4.701206043},
{"learn":[0.09409283847],"iteration":342,"passed_time":2.450735444,"remaining_time":4.694265851},
{"learn":[0.09406715631],"iteration":343,"passed_time":2.457764664,"remaining_time":4.686900057},
{"learn":[0.09404538572],"iteration":344,"passed_time":2.46428235,"remaining_time":4.678565042},
{"learn":[0.09240920097],"iteration":345,"passed_time":2.471537762,"remaining_time":4.67163496},
{"learn":[0.09238430858],"iteration":346,"passed_time":2.478943212,"remaining_time":4.664985354},
{"learn":[0.09235946834],"iteration":347,"passed_time":2.48634307,"remaining_time":4.658320923},
{"learn":[0.09233850986],"iteration":348,"passed_time":2.493471046,"remaining_time":4.651145132},
{"learn":[0.09075315297],"iteration":349,"passed_time":2.500450277,"remaining_time":4.643693371},
{"learn":[0.09072896838],"iteration":350,"passed_time":2.50765611,"remaining_time":4.636663291},
{"learn":[0.09070859104],"iteration":351,"passed_time":2.514469954,"remaining_time":4.628910598},
{"learn":[0.09068852663],"iteration":352,"passed_time":2.521474636,"remaining_time":4.621513001},
{"learn":[0.09066449106],"iteration":353,"passed_time":2.52917006,"remaining_time":4.615378133},
{"learn":[0.09064470232],"iteration":354,"passed_time":2.535622951,"remaining_time":4.606976912},
{"learn":[0.09062097967],"iteration":355,"passed_time":2.54294607,"remaining_time":4.600160868},
{"learn":[0.0890853852],"iteration":356,"passed_time":2.549869011,"remaining_time":4.592621215},
{"learn":[0.08906212449],"iteration":357,"passed_time":2.556744112,"remaining_time":4.584999218},
{"learn":[0.0890391022],"iteration":358,"passed_time":2.564078042,"remaining_time":4.578200626},
{"learn":[0.08754998446],"iteration":359,"passed_time":2.57109406,"remaining_time":4.570833885},
{"learn":[0.08753120899],"iteration":360,"passed_time":2.577725529,"remaining_time":4.562788401},
{"learn":[0.08750861883],"iteration":361,"passed_time":2.584933286,"remaining_time":4.555766399},
{"learn":[0.08748617768],"iteration":362,"passed_time":2.594885892,"remaining_time":4.553560091},
{"learn":[0.08746372908],"iteration":363,"passed_time":2.606022751,"remaining_time":4.553380411},
{"learn":[0.08744165301],"iteration":364,"passed_time":2.613337625,"remaining_time":4.546491484},
{"learn":[0.08599782735],"iteration":365,"passed_time":2.62028931,"remaining_time":4.538971099},
{"learn":[0.08597965539],"iteration":366,"passed_time":2.627158487,"remaining_time":4.531311504},
{"learn":[0.08596018702],"iteration":367,"passed_time":2.633689014,"remaining_time":4.52307461},
{"learn":[0.0845592171],"iteration":368,"passed_time":2.640629181,"remaining_time":4.515547461},
{"learn":[0.08454123139],"iteration":369,"passed_time":2.647574039,"remaining_time":4.508031472},
{"learn":[0.08452236652],"iteration":370,"passed_time":2.655364902,"remaining_time":4.501952893},
{"learn":[0.08450137079],"iteration":371,"passed_time":2.662527271,"remaining_time":4.494804102},
{"learn":[0.08314146101],"iteration":372,"passed_time":2.669584353,"remaining_time":4.487478255},
{"learn":[0.08312091231],"iteration":373,"passed_time":2.676922076,"remaining_time":4.480623582},
{"learn":[0.08310026675],"iteration":374,"passed_time":2.686735689,"remaining_time":4.477892815},
{"learn":[0.08308268338],"iteration":375,"passed_time":2.698590757,"remaining_time":4.47851232},
{"learn":[0.08306244016],"iteration":376,"passed_time":2.705680161,"remaining_time":4.471190293},
{"learn":[0.08304240555],"iteration":377,"passed_time":2.713122655,"remaining_time":4.464450507},
{"learn":[0.08302232623],"iteration":378,"passed_time":2.720215483,"remaining_time":4.457134076},
{"learn":[0.08300229907],"iteration":379,"passed_time":2.727557913,"remaining_time":4.450226068},
{"learn":[0.08298255503],"iteration":380,"passed_time":2.73455686,"remaining_time":4.442757734},
{"learn":[0.08296528459],"iteration":381,"passed_time":2.741574754,"remaining_time":4.435322507},
{"learn":[0.08294820786],"iteration":382,"passed_time":2.748099958,"remaining_time":4.427095754},
{"learn":[0.08293125033],"iteration":383,"passed_time":2.755037007,"remaining_time":4.419538533},
{"learn":[0.08291174471],"iteration":384,"passed_time":2.761947975,"remaining_time":4.411942869},
{"learn":[0.08159358799],"iteration":385,"passed_time":2.768926303,"remaining_time":4.404457902},
{"learn":[0.08157708496],"iteration":386,"passed_time":2.775400916,"remaining_time":4.396177679},
{"learn":[0.08156035841],"iteration":387,"passed_time":2.78209725,"remaining_time":4.388256487},
{"learn":[0.08154141158],"iteration":388,"passed_time":2.789364028,"remaining_time":4.381237587},
{"learn":[0.08152507246],"iteration":389,"passed_time":2.796281792,"remaining_time":4.373671521},
{"learn":[0.08150880039],"iteration":390,"passed_time":2.802884482,"remaining_time":4.365618029},
{"learn":[0.08149026334],"iteration":391,"passed_time":2.810160131,"remaining_time":4.358615714},
{"learn":[0.08147159219],"iteration":392,"passed_time":2.817559002,"remaining_time":4.351802326},
{"learn":[0.08145321906],"iteration":393,"passed_time":2.825274138,"remaining_time":4.345472405},
{"learn":[0.08143699169],"iteration":394,"passed_time":2.832340647,"remaining_time":4.338142004},
{"learn":[0.08142103255],"iteration":395,"passed_time":2.839498926,"remaining_time":4.330952908},
{"learn":[0.08140532672],"iteration":396,"passed_time":2.846047957,"remaining_time":4.322838585},
{"learn":[0.08138716221],"iteration":397,"passed_time":2.853319337,"remaining_time":4.315824726},
{"learn":[0.0813716352],"iteration":398,"passed_time":2.862673847,"remaining_time":4.311947323},
{"learn":[0.08135615289],"iteration":399,"passed_time":2.870971226,"remaining_time":4.30645684},
{"learn":[0.08133812249],"iteration":400,"passed_time":2.878100546,"remaining_time":4.299207549},
{"learn":[0.08132307231],"iteration":401,"passed_time":2.88513985,"remaining_time":4.291824952},
{"learn":[0.08130715787],"iteration":402,"passed_time":2.89218142,"remaining_time":4.284447414},
{"learn":[0.08128941059],"iteration":403,"passed_time":2.899300967,"remaining_time":4.277186575},
{"learn":[0.08127178252],"iteration":404,"passed_time":2.913645612,"remaining_time":4.280541084},
{"learn":[0.0812542364],"iteration":405,"passed_time":2.928953813,"remaining_time":4.28521814},
{"learn":[0.08123924583],"iteration":406,"passed_time":2.942579287,"remaining_time":4.287345252},
{"learn":[0.08122445643],"iteration":407,"passed_time":2.956030836,"remaining_time":4.289142781},
{"learn":[0.07994781435],"iteration":408,"passed_time":2.970775633,"remaining_time":4.292734473},
{"learn":[0.07993327081],"iteration":409,"passed_time":2.981333567,"remaining_time":4.290211719},
{"learn":[0.0799189806],"iteration":410,"passed_time":2.988488724,"remaining_time":4.282773378},
{"learn":[0.07990191132],"iteration":411,"passed_time":2.996513341,"remaining_time":4.276577293},
{"learn":[0.07988497615],"iteration":412,"passed_time":3.004172714,"remaining_time":4.269853228},
{"learn":[0.07986808568],"iteration":413,"passed_time":3.011644634,"remaining_time":4.262859313},
{"learn":[0.07985417545],"iteration":414,"passed_time":3.01883086,"remaining_time":4.255460369},
{"learn":[0.07861424983],"iteration":415,"passed_time":3.025785271,"remaining_time":4.247737015},
{"learn":[0.07859767973],"iteration":416,"passed_time":3.033134697,"remaining_time":4.240569613},
{"learn":[0.07858389616],"iteration":417,"passed_time":3.039760402,"remaining_time":4.23239367},
{"learn":[0.07856760919],"iteration":418,"passed_time":3.04656704,"remaining_time":4.224476014},
{"learn":[0.07855394483],"iteration":419,"passed_time":3.053083573,"remaining_time":4.216163029},
{"learn":[0.07854066044],"iteration":420,"passed_time":3.059389287,"remaining_time":4.207568639},
{"learn":[0.07852441072],"iteration":421,"passed_time":3.066725637,"remaining_time":4.200396726},
{"learn":[0.07850927114],"iteration":422,"passed_time":3.07337156,"remaining_time":4.192282246},
{"learn":[0.07730485499],"iteration":423,"passed_time":3.080384537,"remaining_time":4.184673333},
{"learn":[0.07729169726],"iteration":424,"passed_time":3.087180644,"remaining_time":4.176773812},
{"learn":[0.07727862149],"iteration":425,"passed_time":3.094434246,"remaining_time":4.169495909},
{"learn":[0.07610747218],"iteration":426,"passed_time":3.101350321,"remaining_time":4.161765184},
{"learn":[0.07609456778],"iteration":427,"passed_time":3.108625459,"remaining_time":4.154518137},
{"learn":[0.07608193159],"iteration":428,"passed_time":3.115182229,"remaining_time":4.146314808},
{"learn":[0.07494299114],"iteration":429,"passed_time":3.123112515,"remaining_time":4.139939846},
{"learn":[0.07492755353],"iteration":430,"passed_time":3.131185934,"remaining_time":4.133746628},
{"learn":[0.07491517067],"iteration":431,"passed_time":3.138106464,"remaining_time":4.12602887},
{"learn":[0.0749027431],"iteration":432,"passed_time":3.144841691,"remaining_time":4.118072145},
{"learn":[0.07488752156],"iteration":433,"passed_time":3.152826784,"remaining_time":4.111751059},
{"learn":[0.07487297058],"iteration":434,"passed_time":3.159577432,"remaining_time":4.103818964},
{"learn":[0.07376526296],"iteration":435,"passed_time":3.16652186,"remaining_time":4.096142956},
{"learn":[0.07375314832],"iteration":436,"passed_time":3.173940883,"remaining_time":4.089081732},
{"learn":[0.07374089956],"iteration":437,"passed_time":3.180688659,"remaining_time":4.081157595},
{"learn":[0.07372625917],"iteration":438,"passed_time":3.188325403,"remaining_time":4.074374832},
{"learn":[0.07371173799],"iteration":439,"passed_time":3.195442594,"remaining_time":4.066926938},
{"learn":[0.0736971423],"iteration":440,"passed_time":3.204511811,"remaining_time":4.06195488},
{"learn":[0.07368519157],"iteration":441,"passed_time":3.211688539,"remaining_time":4.054575124},
{"learn":[0.0736733377],"iteration":442,"passed_time":3.218871307,"remaining_time":4.047203878},
{"learn":[0.07365889847],"iteration":443,"passed_time":3.226300955,"remaining_time":4.040142637},
{"learn":[0.07364465296],"iteration":444,"passed_time":3.233461665,"remaining_time":4.032744324},
{"learn":[0.07256766409],"iteration":445,"passed_time":3.241167599,"remaining_time":4.026024327},
{"learn":[0.07255621254],"iteration":446,"passed_time":3.247878177,"remaining_time":4.018068528},
{"learn":[0.07254466414],"iteration":447,"passed_time":3.255934615,"remaining_time":4.01177658},
{"learn":[0.07149638981],"iteration":448,"passed_time":3.262878181,"remaining_time":4.004111086},
{"learn":[0.07148259133],"iteration":449,"passed_time":3.270384608,"remaining_time":3.997136743},
{"learn":[0.07147118449],"iteration":450,"passed_time":3.277783828,"remaining_time":3.990029538},
{"learn":[0.07145749032],"iteration":451,"passed_time":3.28466324,"remaining_time":3.982290831},
{"learn":[0.07144632936],"iteration":452,"passed_time":3.292279675,"remaining_time":3.975445877},
{"learn":[0.07143516839],"iteration":453,"passed_time":3.299449943,"remaining_time":3.968060945},
{"learn":[0.07142403722],"iteration":454,"passed_time":3.307512902,"remaining_time":3.961746223},
{"learn":[0.07141050696],"iteration":455,"passed_time":3.314552748,"remaining_time":3.954203278},
{"learn":[0.07039036602],"iteration":456,"passed_time":3.322562965,"remaining_time":3.947815515},
{"learn":[0.07037714869],"iteration":457,"passed_time":3.329648445,"remaining_time":3.940326326},
{"learn":[0.07036374509],"iteration":458,"passed_time":3.336982189,"remaining_time":3.933131513},
{"learn":[0.0703529492],"iteration":459,"passed_time":3.343465949,"remaining_time":3.924938288},
{"learn":[0.07033979893],"iteration":460,"passed_time":3.352607023,"remaining_time":3.919859404},
{"learn":[0.07032682002],"iteration":461,"passed_time":3.359577232,"remaining_time":3.912234958},
{"learn":[0.07031606138],"iteration":462,"passed_time":3.366596598,"remaining_time":3.904670353},
{"learn":[0.07030349225],"iteration":463,"passed_time":3.373955337,"remaining_time":3.897500131},
{"learn":[0.07029268891],"iteration":464,"passed_time":3.38171697,"remaining_time":3.890792643},
{"learn":[0.07028193772],"iteration":465,"passed_time":3.388768484,"remaining_time":3.883266889},
{"learn":[0.07026915252],"iteration":466,"passed_time":3.396297099,"remaining_time":3.876287695},
{"learn":[0.07025867701],"iteration":467,"passed_time":3.403338308,"remaining_time":3.868752093},
{"learn":[0.06926608086],"iteration":468,"passed_time":3.411275425,"remaining_time":3.862232944},
{"learn":[0.06925342977],"iteration":469,"passed_time":3.418625398,"remaining_time":3.855045662},
{"learn":[0.0692410022],"iteration":470,"passed_time":3.425828058,"remaining_time":3.847692235},
{"learn":[0.06922852993],"iteration":471,"passed_time":3.433599826,"remaining_time":3.840976076},
{"learn":[0.06921616197],"iteration":472,"passed_time":3.440623006,"remaining_time":3.833421404},
{"learn":[0.0692037791],"iteration":473,"passed_time":3.448866046,"remaining_time":3.827222659},
{"learn":[0.06919200718],"iteration":474,"passed_time":3.45618301,"remaining_time":3.819991748},
{"learn":[0.06822557747],"iteration":475,"passed_time":3.463967026,"remaining_time":3.813274625},
{"learn":[0.06821347773],"iteration":476,"passed_time":3.470791642,"remaining_time":3.805501108},
{"learn":[0.06820257008],"iteration":477,"passed_time":3.478351427,"remaining_time":3.798534403},
{"learn":[0.06819166988],"iteration":478,"passed_time":3.485569288,"remaining_time":3.791193318},
{"learn":[0.06818135083],"iteration":479,"passed_time":3.492646724,"remaining_time":3.783700618},
{"learn":[0.06817105412],"iteration":480,"passed_time":3.499081091,"remaining_time":3.775515771},
{"learn":[0.0681592226],"iteration":481,"passed_time":3.507440785,"remaining_time":3.769407316},
{"learn":[0.06814746559],"iteration":482,"passed_time":3.515669615,"remaining_time":3.763149464},
{"learn":[0.06813735515],"iteration":483,"passed_time":3.523190392,"remaining_time":3.7561286},
{"learn":[0.06719601899],"iteration":484,"passed_time":3.530439809,"remaining_time":3.748817529},
{"learn":[0.06718571484],"iteration":485,"passed_time":3.537784183,"remaining_time":3.74160714},
{"learn":[0.06717425585],"iteration":486,"passed_time":3.544785076,"remaining_time":3.734034382},
{"learn":[0.06625674665],"iteration":487,"passed_time":3.551846824,"remaining_time":3.726527815},
{"learn":[0.06536233425],"iteration":488,"passed_time":3.558857419,"remaining_time":3.718969614},
{"learn":[0.06535104662],"iteration":489,"passed_time":3.565706278,"remaining_time":3.71124531},
{"learn":[0.06533987075],"iteration":490,"passed_time":3.573262098,"remaining_time":3.70425745},
{"learn":[0.06532876939],"iteration":491,"passed_time":3.58099383,"remaining_time":3.697448914},
{"learn":[0.06531770527],"iteration":492,"passed_time":3.591987336,"remaining_time":3.693991033},
{"learn":[0.06530676782],"iteration":493,"passed_time":3.601021374,"remaining_time":3.688495577},
{"learn":[0.06529715657],"iteration":494,"passed_time":3.60813279,"remaining_time":3.681024362},
{"learn":[0.06528626382],"iteration":495,"passed_time":3.615699066,"remaining_time":3.674016793},
{"learn":[0.06527538598],"iteration":496,"passed_time":3.623429063,"remaining_time":3.667172673},
{"learn":[0.06440360099],"iteration":497,"passed_time":3.630449247,"remaining_time":3.659609481},
{"learn":[0.06439293921],"iteration":498,"passed_time":3.637708422,"remaining_time":3.652288416},
{"learn":[0.06438220292],"iteration":499,"passed_time":3.644868906,"remaining_time":3.644868906},
{"learn":[0.06437262893],"iteration":500,"passed_time":3.651664257,"remaining_time":3.637086755},
{"learn":[0.06436212361],"iteration":501,"passed_time":3.65904153,"remaining_time":3.629885821},
{"learn":[0.06435150653],"iteration":502,"passed_time":3.666182438,"remaining_time":3.622450639},
{"learn":[0.06434242427],"iteration":503,"passed_time":3.672747266,"remaining_time":3.614449691},
{"learn":[0.064333722],"iteration":504,"passed_time":3.680663655,"remaining_time":3.607779226},
{"learn":[0.06432338059],"iteration":505,"passed_time":3.687990652,"remaining_time":3.600528423},
{"learn":[0.06431294978],"iteration":506,"passed_time":3.694880208,"remaining_time":3.592851958},
{"learn":[0.06430254132],"iteration":507,"passed_time":3.702229474,"remaining_time":3.585623822},
{"learn":[0.06429424137],"iteration":508,"passed_time":3.709131731,"remaining_time":3.577964008},
{"learn":[0.06344472617],"iteration":509,"passed_time":3.716221296,"remaining_time":3.570487127},
{"learn":[0.06343513727],"iteration":510,"passed_time":3.723035672,"remaining_time":3.562748422},
{"learn":[0.06342698634],"iteration":511,"passed_time":3.730402891,"remaining_time":3.555540255},
{"learn":[0.06341917813],"iteration":512,"passed_time":3.737907383,"remaining_time":3.548461785},
{"learn":[0.06340926886],"iteration":513,"passed_time":3.745066404,"remaining_time":3.541055005},
{"learn":[0.06339956075],"iteration":514,"passed_time":3.751836539,"remaining_time":3.533282954},
{"learn":[0.06338959932],"iteration":515,"passed_time":3.758897962,"remaining_time":3.52578801},
{"learn":[0.06338018179],"iteration":516,"passed_time":3.765551934,"remaining_time":3.517914089},
{"learn":[0.06337033212],"iteration":517,"passed_time":3.772710313,"remaining_time":3.51051423},
{"learn":[0.06336261332],"iteration":518,"passed_time":3.779418791,"remaining_time":3.50269834},
{"learn":[0.06335324049],"iteration":519,"passed_time":3.786027074,"remaining_time":3.494794222},
{"learn":[0.06334337592],"iteration":520,"passed_time":3.793252428,"remaining_time":3.487462405},
{"learn":[0.06333425641],"iteration":521,"passed_time":3.799840779,"remaining_time":3.479547686},
{"learn":[0.06332449615],"iteration":522,"passed_time":3.807396834,"remaining_time":3.472520631},
{"learn":[0.06331545115],"iteration":523,"passed_time":3.814744111,"remaining_time":3.465301902},
{"learn":[0.06330568343],"iteration":524,"passed_time":3.821900986,"remaining_time":3.457910416},
{"learn":[0.06329808384],"iteration":525,"passed_time":3.82947083,"remaining_time":3.450891965},
{"learn":[0.06329067051],"iteration":526,"passed_time":3.836279673,"remaining_time":3.443188397},
{"learn":[0.06328167021],"iteration":527,"passed_time":3.842949914,"remaining_time":3.435364317},
{"learn":[0.06245384365],"iteration":528,"passed_time":3.850314257,"remaining_time":3.428162599},
{"learn":[0.06244478375],"iteration":529,"passed_time":3.857262523,"remaining_time":3.420591294},
{"learn":[0.06243544817],"iteration":530,"passed_time":3.864843729,"remaining_time":3.413581373},
{"learn":[0.0624281466],"iteration":531,"passed_time":3.872357975,"remaining_time":3.406510399},
{"learn":[0.06242098659],"iteration":532,"passed_time":3.879762844,"remaining_time":3.399341929},
{"learn":[0.06241424754],"iteration":533,"passed_time":3.887344516,"remaining_time":3.392326863},
{"learn":[0.06240493059],"iteration":534,"passed_time":3.895997201,"remaining_time":3.386240558},
{"learn":[0.06239559129],"iteration":535,"passed_time":3.903012558,"remaining_time":3.378727289},
{"learn":[0.06238638237],"iteration":536,"passed_time":3.910090856,"remaining_time":3.371270142},
{"learn":[0.06237716973],"iteration":537,"passed_time":3.917315143,"remaining_time":3.36393977},
{"learn":[0.06236816198],"iteration":538,"passed_time":3.923998736,"remaining_time":3.356147342},
{"learn":[0.06235941872],"iteration":539,"passed_time":3.930825402,"remaining_time":3.348480898},
{"learn":[0.06155217811],"iteration":540,"passed_time":3.93924328,"remaining_time":3.342167589},
{"learn":[0.06154312566],"iteration":541,"passed_time":3.94644182,"remaining_time":3.334816151},
{"learn":[0.06153422222],"iteration":542,"passed_time":3.953258131,"remaining_time":3.327143584},
{"learn":[0.06152560189],"iteration":543,"passed_time":3.960271022,"remaining_time":3.319638945},
{"learn":[0.06151703745],"iteration":544,"passed_time":3.967107732,"remaining_time":3.311989024},
{"learn":[0.06150817871],"iteration":545,"passed_time":3.974148349,"remaining_time":3.304511631},
{"learn":[0.0614993535],"iteration":546,"passed_time":3.981374631,"remaining_time":3.297189594},
{"learn":[0.06149253622],"iteration":547,"passed_time":3.987856692,"remaining_time":3.28925406},
{"learn":[0.06148405373],"iteration":548,"passed_time":3.994591317,"remaining_time":3.281531301},
{"learn":[0.06147535518],"iteration":549,"passed_time":4.001485544,"remaining_time":3.273942718},
{"learn":[0.06146651134],"iteration":550,"passed_time":4.008676482,"remaining_time":3.26659844},
{"learn":[0.06067935005],"iteration":551,"passed_time":4.015659461,"remaining_time":3.25908594},
{"learn":[0.06067074835],"iteration":552,"passed_time":4.022569787,"remaining_time":3.251516627},
{"learn":[0.06066210568],"iteration":553,"passed_time":4.029622313,"remaining_time":3.244064172},
{"learn":[0.06065548956],"iteration":554,"passed_time":4.036213806,"remaining_time":3.236243502},
{"learn":[0.06064908206],"iteration":555,"passed_time":4.043818543,"remaining_time":3.229236391},
{"learn":[0.06064059213],"iteration":556,"passed_time":4.050849487,"remaining_time":3.221770777},
{"learn":[0.05987210572],"iteration":557,"passed_time":4.057660455,"remaining_time":3.214132475},
{"learn":[0.05986370146],"iteration":558,"passed_time":4.064764074,"remaining_time":3.206728008},
{"learn":[0.05985544622],"iteration":559,"passed_time":4.071598227,"remaining_time":3.199112893},
{"learn":[0.05910513923],"iteration":560,"passed_time":4.078513896,"remaining_time":3.19156435},
{"learn":[0.05909889936],"iteration":561,"passed_time":4.087456544,"remaining_time":3.185597805},
{"learn":[0.05909070373],"iteration":562,"passed_time":4.094818611,"remaining_time":3.178393842},
{"learn":[0.05835775286],"iteration":563,"passed_time":4.10208557,"remaining_time":3.171115795},
{"learn":[0.05834946409],"iteration":564,"passed_time":4.109644077,"remaining_time":3.164062254},
{"learn":[0.05834124237],"iteration":565,"passed_time":4.117012699,"remaining_time":3.156861328},
{"learn":[0.05833344907],"iteration":566,"passed_time":4.123802306,"remaining_time":3.149217634},
{"learn":[0.05832566321],"iteration":567,"passed_time":4.130962144,"remaining_time":3.141858532},
{"learn":[0.05831773952],"iteration":568,"passed_time":4.138019236,"remaining_time":3.134422303},
{"learn":[0.05830963701],"iteration":569,"passed_time":4.145280842,"remaining_time":3.127141688},
{"learn":[0.05759382248],"iteration":570,"passed_time":4.152257427,"remaining_time":3.119646998},
{"learn":[0.05758623779],"iteration":571,"passed_time":4.159118755,"remaining_time":3.11206788},
{"learn":[0.05688679963],"iteration":572,"passed_time":4.166674796,"remaining_time":3.105008967},
{"learn":[0.0568789877],"iteration":573,"passed_time":4.174039639,"remaining_time":3.097806422},
{"learn":[0.05687152967],"iteration":574,"passed_time":4.18081613,"remaining_time":3.090168444},
{"learn":[0.0568641983],"iteration":575,"passed_time":4.187426944,"remaining_time":3.0824115},
{"learn":[0.05685701966],"iteration":576,"passed_time":4.194302326,"remaining_time":3.074852485},
{"learn":[0.05617346987],"iteration":577,"passed_time":4.201239005,"remaining_time":3.067340588},
{"learn":[0.05550511926],"iteration":578,"passed_time":4.208071705,"remaining_time":3.059755074},
{"learn":[0.05549815297],"iteration":579,"passed_time":4.214760721,"remaining_time":3.052068108},
{"learn":[0.05549170822],"iteration":580,"passed_time":4.221563429,"remaining_time":3.044466569},
{"learn":[0.05548532307],"iteration":581,"passed_time":4.228459731,"remaining_time":3.036934996},
{"learn":[0.05547828227],"iteration":582,"passed_time":4.234994368,"remaining_time":3.029146915},
{"learn":[0.05547225475],"iteration":583,"passed_time":4.241582603,"remaining_time":3.021401306},
{"learn":[0.05546467751],"iteration":584,"passed_time":4.248601899,"remaining_time":3.01396545},
{"learn":[0.05481136963],"iteration":585,"passed_time":4.255688988,"remaining_time":3.00657891},
{"learn":[0.05480436981],"iteration":586,"passed_time":4.262388569,"remaining_time":2.998920748},
{"learn":[0.05479687452],"iteration":587,"passed_time":4.269441306,"remaining_time":2.991513296},
{"learn":[0.05479100347],"iteration":588,"passed_time":4.276460362,"remaining_time":2.984083546},
{"learn":[0.05478357896],"iteration":589,"passed_time":4.28361834,"remaining_time":2.976751728},
{"learn":[0.05477628112],"iteration":590,"passed_time":4.290475799,"remaining_time":2.969212524},
{"learn":[0.054137595],"iteration":591,"passed_time":4.297361677,"remaining_time":2.961695209},
{"learn":[0.05413021892],"iteration":592,"passed_time":4.304291333,"remaining_time":2.954210072},
{"learn":[0.05412308127],"iteration":593,"passed_time":4.311585357,"remaining_time":2.94697585},
{"learn":[0.05411594361],"iteration":594,"passed_time":4.318616693,"remaining_time":2.939562623},
{"learn":[0.0541086942],"iteration":595,"passed_time":4.326039846,"remaining_time":2.932416271},
{"learn":[0.05410152301],"iteration":596,"passed_time":4.333851864,"remaining_time":2.925531493},
{"learn":[0.05409438536],"iteration":597,"passed_time":4.340890426,"remaining_time":2.918123665},
{"learn":[0.05408764631],"iteration":598,"passed_time":4.347711268,"remaining_time":2.910571316},
{"learn":[0.05408047885],"iteration":599,"passed_time":4.354889525,"remaining_time":2.903259683},
{"learn":[0.0540738292],"iteration":600,"passed_time":4.361749711,"remaining_time":2.895737329},
{"learn":[0.05406680703],"iteration":601,"passed_time":4.36876604,"remaining_time":2.888320405},
{"learn":[0.05344241485],"iteration":602,"passed_time":4.375826084,"remaining_time":2.880933591},
{"learn":[0.05343547091],"iteration":603,"passed_time":4.38270294,"remaining_time":2.873427755},
{"learn":[0.05342975259],"iteration":604,"passed_time":4.389377391,"remaining_time":2.86579185},
{"learn":[0.05342285335],"iteration":605,"passed_time":4.39643105,"remaining_time":2.858405666},
{"learn":[0.05341596156],"iteration":606,"passed_time":4.403417698,"remaining_time":2.850977192},
{"learn":[0.05341051146],"iteration":607,"passed_time":4.410082416,"remaining_time":2.84334261},
{"learn":[0.05279966816],"iteration":608,"passed_time":4.417166347,"remaining_time":2.835980364},
{"learn":[0.05279290676],"iteration":609,"passed_time":4.426110224,"remaining_time":2.829808176},
{"learn":[0.05278764293],"iteration":610,"passed_time":4.434480879,"remaining_time":2.823261967},
{"learn":[0.05278108269],"iteration":611,"passed_time":4.441335401,"remaining_time":2.815748588},
{"learn":[0.05277437717],"iteration":612,"passed_time":4.448616374,"remaining_time":2.808506585},
{"learn":[0.0527677536],"iteration":613,"passed_time":4.455361349,"remaining_time":2.800927493},
{"learn":[0.05276142433],"iteration":614,"passed_time":4.462134171,"remaining_time":2.793368546},
{"learn":[0.05275599658],"iteration":615,"passed_time":4.469813416,"remaining_time":2.786377195},
{"learn":[0.05274949968],"iteration":616,"passed_time":4.478655224,"remaining_time":2.780105269},
{"learn":[0.05215195566],"iteration":617,"passed_time":4.485717172,"remaining_time":2.772724854},
{"learn":[0.05214538425],"iteration":618,"passed_time":4.492739887,"remaining_time":2.76532132},
{"learn":[0.0521389842],"iteration":619,"passed_time":4.499771252,"remaining_time":2.757924316},
{"learn":[0.05213280767],"iteration":620,"passed_time":4.506407001,"remaining_time":2.750287043},
{"learn":[0.05212648958],"iteration":621,"passed_time":4.513090043,"remaining_time":2.74268173},
{"learn":[0.05211991072],"iteration":622,"passed_time":4.520081799,"remaining_time":2.735266193},
{"learn":[0.0521135442],"iteration":623,"passed_time":4.527085052,"remaining_time":2.727858941},
{"learn":[0.05210702121],"iteration":624,"passed_time":4.533824759,"remaining_time":2.720294855},
{"learn":[0.05210090429],"iteration":625,"passed_time":4.540414167,"remaining_time":2.712643608},
{"learn":[0.05209444463],"iteration":626,"passed_time":4.547601771,"remaining_time":2.705351612},
{"learn":[0.05208846927],"iteration":627,"passed_time":4.554218123,"remaining_time":2.697721564},
{"learn":[0.05208197236],"iteration":628,"passed_time":4.561211122,"remaining_time":2.690316894},
{"learn":[0.0514976643],"iteration":629,"passed_time":4.568100643,"remaining_time":2.682852759},
{"learn":[0.05149143562],"iteration":630,"passed_time":4.575081873,"remaining_time":2.675444075},
{"learn":[0.05148539692],"iteration":631,"passed_time":4.586112889,"remaining_time":2.670394847},
{"learn":[0.0514796488],"iteration":632,"passed_time":4.594034495,"remaining_time":2.663523949},
{"learn":[0.05147328973],"iteration":633,"passed_time":4.602975791,"remaining_time":2.65723839},
{"learn":[0.05146708339],"iteration":634,"passed_time":4.611506794,"remaining_time":2.65070863},
{"learn":[0.05146123469],"iteration":635,"passed_time":4.618051335,"remaining_time":2.64303567},
{"learn":[0.05145504326],"iteration":636,"passed_time":4.625589588,"remaining_time":2.635932528},
{"learn":[0.05088315159],"iteration":637,"passed_time":4.632530302,"remaining_time":2.62848898},
{"learn":[0.0508775562],"iteration":638,"passed_time":4.639198037,"remaining_time":2.620892788},
{"learn":[0.05087142065],"iteration":639,"passed_time":4.64622433,"remaining_time":2.613501186},
{"learn":[0.0508652553],"iteration":640,"passed_time":4.653442081,"remaining_time":2.606217952},
{"learn":[0.05085917562],"iteration":641,"passed_time":4.660748836,"remaining_time":2.598984553},
{"learn":[0.0508530587],"iteration":642,"passed_time":4.667763757,"remaining_time":2.591588898},
{"learn":[0.05084753409],"iteration":643,"passed_time":4.674473317,"remaining_time":2.584025622},
{"learn":[0.05084146559],"iteration":644,"passed_time":4.681371875,"remaining_time":2.576569016},
{"learn":[0.05028175935],"iteration":645,"passed_time":4.688437963,"remaining_time":2.569205943},
{"learn":[0.05027647316],"iteration":646,"passed_time":4.69515647,"remaining_time":2.561654148},
{"learn":[0.05027062446],"iteration":647,"passed_time":4.702214524,"remaining_time":2.554289371},
{"learn":[0.05026470125],"iteration":648,"passed_time":4.709204761,"remaining_time":2.546888861},
{"learn":[0.05025915802],"iteration":649,"passed_time":4.715840079,"remaining_time":2.539298504},
{"learn":[0.04971123487],"iteration":650,"passed_time":4.722687724,"remaining_time":2.531824909},
{"learn":[0.04970531166],"iteration":651,"passed_time":4.729634497,"remaining_time":2.524406143},
{"learn":[0.04969950393],"iteration":652,"passed_time":4.736614264,"remaining_time":2.517006355},
{"learn":[0.04969402403],"iteration":653,"passed_time":4.743352097,"remaining_time":2.509479856},
{"learn":[0.04968817532],"iteration":654,"passed_time":4.750231293,"remaining_time":2.502030223},
{"learn":[0.0496824123],"iteration":655,"passed_time":4.757231314,"remaining_time":2.494645689},
{"learn":[0.0496770367],"iteration":656,"passed_time":4.788932687,"remaining_time":2.500158161},
{"learn":[0.04967134446],"iteration":657,"passed_time":4.796144539,"remaining_time":2.492828925},
{"learn":[0.04913478345],"iteration":658,"passed_time":4.803583565,"remaining_time":2.485617596},
{"learn":[0.0491290912],"iteration":659,"passed_time":4.812794646,"remaining_time":2.479318454},
{"learn":[0.04912377149],"iteration":660,"passed_time":4.821150596,"remaining_time":2.47257194},
{"learn":[0.04911806807],"iteration":661,"passed_time":4.829369238,"remaining_time":2.465750457},
{"learn":[0.04911242425],"iteration":662,"passed_time":4.836942079,"remaining_time":2.458596502},
{"learn":[0.04910682887],"iteration":663,"passed_time":4.844383119,"remaining_time":2.45137459},
{"learn":[0.04858135432],"iteration":664,"passed_time":4.851779398,"remaining_time":2.444129471},
{"learn":[0.04857617617],"iteration":665,"passed_time":4.858708303,"remaining_time":2.436649509},
{"learn":[0.04857065901],"iteration":666,"passed_time":4.865756849,"remaining_time":2.429230931},
{"learn":[0.04856555164],"iteration":667,"passed_time":4.872630898,"remaining_time":2.421726734},
{"learn":[0.04856037349],"iteration":668,"passed_time":4.879378415,"remaining_time":2.414161816},
{"learn":[0.0485548526],"iteration":669,"passed_time":4.886691409,"remaining_time":2.406877858},
{"learn":[0.04804020002],"iteration":670,"passed_time":4.893592558,"remaining_time":2.39939188},
{"learn":[0.04753566161],"iteration":671,"passed_time":4.900353957,"remaining_time":2.391839431},
{"learn":[0.0475307107],"iteration":672,"passed_time":4.906777563,"remaining_time":2.384125205},
{"learn":[0.04752581567],"iteration":673,"passed_time":4.913164155,"remaining_time":2.376396906},
{"learn":[0.04752086848],"iteration":674,"passed_time":4.921495076,"remaining_time":2.36960874},
{"learn":[0.0475153923],"iteration":675,"passed_time":4.928515149,"remaining_time":2.362187734},
{"learn":[0.04702100158],"iteration":676,"passed_time":4.935398866,"remaining_time":2.354702856},
{"learn":[0.04701570049],"iteration":677,"passed_time":4.94265116,"remaining_time":2.347394799},
{"learn":[0.04701033235],"iteration":678,"passed_time":4.949580391,"remaining_time":2.339934176},
{"learn":[0.04700516909],"iteration":679,"passed_time":4.956434402,"remaining_time":2.332439719},
{"learn":[0.04652058333],"iteration":680,"passed_time":4.963340964,"remaining_time":2.324971758},
{"learn":[0.04651519656],"iteration":681,"passed_time":4.970415678,"remaining_time":2.31758385},
{"learn":[0.04651007056],"iteration":682,"passed_time":4.977373161,"remaining_time":2.310142448},
{"learn":[0.04650488123],"iteration":683,"passed_time":4.984790625,"remaining_time":2.302914967},
{"learn":[0.04649948329],"iteration":684,"passed_time":4.991747051,"remaining_time":2.295474921},
{"learn":[0.04649481177],"iteration":685,"passed_time":4.998446031,"remaining_time":2.287918446},
{"learn":[0.04648987576],"iteration":686,"passed_time":5.005213656,"remaining_time":2.280395741},
{"learn":[0.04648468271],"iteration":687,"passed_time":5.012217154,"remaining_time":2.272982198},
{"learn":[0.04647947848],"iteration":688,"passed_time":5.019502287,"remaining_time":2.265696968},
{"learn":[0.04600445926],"iteration":689,"passed_time":5.02647421,"remaining_time":2.258271022},
{"learn":[0.04599937797],"iteration":690,"passed_time":5.033449892,"remaining_time":2.25084807},
{"learn":[0.04599432275],"iteration":691,"passed_time":5.040360769,"remaining_time":2.243397568},
{"learn":[0.0459891744],"iteration":692,"passed_time":5.047302826,"remaining_time":2.235962435},
{"learn":[0.04598411173],"iteration":693,"passed_time":5.054103985,"remaining_time":2.228466599},
{"learn":[0.04597940668],"iteration":694,"passed_time":5.060852684,"remaining_time":2.220949739},
{"learn":[0.04597488791],"iteration":695,"passed_time":5.067721791,"remaining_time":2.213487679},
{"learn":[0.04596976191],"iteration":696,"passed_time":5.07566546,"remaining_time":2.206494454},
{"learn":[0.04596474767],"iteration":697,"passed_time":5.082582512,"remaining_time":2.199054325},
{"learn":[0.04595973343],"iteration":698,"passed_time":5.089923257,"remaining_time":2.191798141},
{"learn":[0.04595471919],"iteration":699,"passed_time":5.096794249,"remaining_time":2.184340392},
{"learn":[0.04594972357],"iteration":700,"passed_time":5.10383228,"remaining_time":2.176955566},
{"learn":[0.04594514519],"iteration":701,"passed_time":5.110802339,"remaining_time":2.169542873},
{"learn":[0.045940198],"iteration":702,"passed_time":5.11784869,"remaining_time":2.162163671},
{"learn":[0.0459357053],"iteration":703,"passed_time":5.124773501,"remaining_time":2.154734313},
{"learn":[0.04593110085],"iteration":704,"passed_time":5.131561173,"remaining_time":2.147249001},
{"learn":[0.045926705],"iteration":705,"passed_time":5.138349607,"remaining_time":2.139765984},
{"learn":[0.0459221676],"iteration":706,"passed_time":5.144873232,"remaining_time":2.132175187},
{"learn":[0.04545679688],"iteration":707,"passed_time":5.151929552,"remaining_time":2.124807103},
{"learn":[0.0454518795],"iteration":708,"passed_time":5.158901796,"remaining_time":2.117405392},
{"learn":[0.04544745013],"iteration":709,"passed_time":5.165575726,"remaining_time":2.109883043},
{"learn":[0.04544310272],"iteration":710,"passed_time":5.172365193,"remaining_time":2.102410043},
{"learn":[0.04543855414],"iteration":711,"passed_time":5.179019706,"remaining_time":2.094884376},
{"learn":[0.04543368891],"iteration":712,"passed_time":5.185840859,"remaining_time":2.087428228},
{"learn":[0.04542930424],"iteration":713,"passed_time":5.192395433,"remaining_time":2.079867078},
{"learn":[0.04542447627],"iteration":714,"passed_time":5.199277481,"remaining_time":2.072439276},
{"learn":[0.0454197973],"iteration":715,"passed_time":5.20619348,"remaining_time":2.065026464},
{"learn":[0.04541511089],"iteration":716,"passed_time":5.213137216,"remaining_time":2.057625986},
{"learn":[0.0454108417],"iteration":717,"passed_time":5.21992968,"remaining_time":2.050167367},
{"learn":[0.04540634155],"iteration":718,"passed_time":5.226530114,"remaining_time":2.042635552},
{"learn":[0.04540162534],"iteration":719,"passed_time":5.233542103,"remaining_time":2.035266373},
{"learn":[0.04539682344],"iteration":720,"passed_time":5.240826233,"remaining_time":2.028003494},
{"learn":[0.04539222643],"iteration":721,"passed_time":5.247864425,"remaining_time":2.020645859},
{"learn":[0.04538754001],"iteration":722,"passed_time":5.254720681,"remaining_time":2.013219403},
{"learn":[0.04493142664],"iteration":723,"passed_time":5.261520302,"remaining_time":2.005772933},
{"learn":[0.04492694885],"iteration":724,"passed_time":5.268262616,"remaining_time":1.998306509},
{"learn":[0.04492220283],"iteration":725,"passed_time":5.275154267,"remaining_time":1.990898442},
{"learn":[0.04491763189],"iteration":726,"passed_time":5.28245208,"remaining_time":1.983644316},
{"learn":[0.04491331801],"iteration":727,"passed_time":5.289168241,"remaining_time":1.976172749},
{"learn":[0.04490878806],"iteration":728,"passed_time":5.296160202,"remaining_time":1.968805781},
{"learn":[0.04490459338],"iteration":729,"passed_time":5.303218321,"remaining_time":1.961464311},
{"learn":[0.04490026459],"iteration":730,"passed_time":5.31026796,"remaining_time":1.954120494},
{"learn":[0.04445287585],"iteration":731,"passed_time":5.317152184,"remaining_time":1.94671692},
{"learn":[0.04444834217],"iteration":732,"passed_time":5.324680187,"remaining_time":1.939549263},
{"learn":[0.04444377869],"iteration":733,"passed_time":5.331528595,"remaining_time":1.932134341},
{"learn":[0.04400501028],"iteration":734,"passed_time":5.338988075,"remaining_time":1.924941279},
{"learn":[0.04400113598],"iteration":735,"passed_time":5.345825496,"remaining_time":1.917524363},
{"learn":[0.04399697483],"iteration":736,"passed_time":5.353257239,"remaining_time":1.910321104},
{"learn":[0.04399265349],"iteration":737,"passed_time":5.361741571,"remaining_time":1.90349091},
{"learn":[0.04398884997],"iteration":738,"passed_time":5.369490028,"remaining_time":1.896396343},
{"learn":[0.04398439825],"iteration":739,"passed_time":5.376467715,"remaining_time":1.889029197},
{"learn":[0.04398020357],"iteration":740,"passed_time":5.383294205,"remaining_time":1.881610255},
{"learn":[0.0439760536],"iteration":741,"passed_time":5.3899098,"remaining_time":1.87411958},
{"learn":[0.0439716801],"iteration":742,"passed_time":5.396857786,"remaining_time":1.866746233},
{"learn":[0.04396756738],"iteration":743,"passed_time":5.403561021,"remaining_time":1.859289814},
{"learn":[0.04396381602],"iteration":744,"passed_time":5.410508857,"remaining_time":1.851919139},
{"learn":[0.04396014661],"iteration":745,"passed_time":5.417266006,"remaining_time":1.844484672},
{"learn":[0.04395604506],"iteration":746,"passed_time":5.42391235,"remaining_time":1.837014491},
{"learn":[0.04395157471],"iteration":747,"passed_time":5.43090399,"remaining_time":1.829662842},
{"learn":[0.0439472869],"iteration":748,"passed_time":5.438139113,"remaining_time":1.822393748},
{"learn":[0.04394296184],"iteration":749,"passed_time":5.445109062,"remaining_time":1.815036354},
{"learn":[0.0439389348],"iteration":750,"passed_time":5.45181174,"remaining_time":1.807591376},
{"learn":[0.04393474385],"iteration":751,"passed_time":5.458415623,"remaining_time":1.800115791},
{"learn":[0.0439305976],"iteration":752,"passed_time":5.465496667,"remaining_time":1.79279904},
{"learn":[0.04392647743],"iteration":753,"passed_time":5.472183809,"remaining_time":1.785354399},
{"learn":[0.04392225295],"iteration":754,"passed_time":5.479528073,"remaining_time":1.778125004},
{"learn":[0.04391796887],"iteration":755,"passed_time":5.486628383,"remaining_time":1.770816568},
{"learn":[0.04391371459],"iteration":756,"passed_time":5.493740151,"remaining_time":1.76351236},
{"learn":[0.04348349571],"iteration":757,"passed_time":5.500564601,"remaining_time":1.756116931},
{"learn":[0.04348001629],"iteration":758,"passed_time":5.507294656,"remaining_time":1.748693033},
{"learn":[0.04347594082],"iteration":759,"passed_time":5.513902407,"remaining_time":1.741232339},
{"learn":[0.04347190633],"iteration":760,"passed_time":5.52081994,"remaining_time":1.733871177},
{"learn":[0.04346769676],"iteration":761,"passed_time":5.527944408,"remaining_time":1.726575813},
{"learn":[0.04346345365],"iteration":762,"passed_time":5.534791763,"remaining_time":1.71919482},
{"learn":[0.04345993698],"iteration":763,"passed_time":5.541817786,"remaining_time":1.711870416},
{"learn":[0.04345589876],"iteration":764,"passed_time":5.548849322,"remaining_time":1.704548484},
{"learn":[0.04345177114],"iteration":765,"passed_time":5.556081232,"remaining_time":1.697288523},
{"learn":[0.04344758391],"iteration":766,"passed_time":5.564021607,"remaining_time":1.690243852},
{"learn":[0.04344342649],"iteration":767,"passed_time":5.571334281,"remaining_time":1.683007231},
{"learn":[0.04343960062],"iteration":768,"passed_time":5.578225531,"remaining_time":1.67564382},
{"learn":[0.04301770777],"iteration":769,"passed_time":5.585147855,"remaining_time":1.668290918},
{"learn":[0.04260343313],"iteration":770,"passed_time":5.592102793,"remaining_time":1.660948819},
{"learn":[0.04259941727],"iteration":771,"passed_time":5.599358069,"remaining_time":1.653696425},
{"learn":[0.04259547964],"iteration":772,"passed_time":5.606058984,"remaining_time":1.646281228},
{"learn":[0.04259175807],"iteration":773,"passed_time":5.61260169,"remaining_time":1.638821682},
{"learn":[0.0421852693],"iteration":774,"passed_time":5.619689796,"remaining_time":1.631522844},
{"learn":[0.04218174145],"iteration":775,"passed_time":5.626366748,"remaining_time":1.624105865},
{"learn":[0.04178246111],"iteration":776,"passed_time":5.633915637,"remaining_time":1.616941039},
{"learn":[0.04177850857],"iteration":777,"passed_time":5.64095034,"remaining_time":1.609628503},
{"learn":[0.04138652608],"iteration":778,"passed_time":5.648240465,"remaining_time":1.602389143},
{"learn":[0.04138317704],"iteration":779,"passed_time":5.655328335,"remaining_time":1.595092607},
{"learn":[0.0409983173],"iteration":780,"passed_time":5.662316307,"remaining_time":1.587768593},
{"learn":[0.04099441692],"iteration":781,"passed_time":5.669147293,"remaining_time":1.580401675},
{"learn":[0.04099057615],"iteration":782,"passed_time":5.676364583,"remaining_time":1.573143186},
{"learn":[0.04061229527],"iteration":783,"passed_time":5.683570757,"remaining_time":1.565881739},
{"learn":[0.04060904682],"iteration":784,"passed_time":5.690106887,"remaining_time":1.558436918},
{"learn":[0.04060591757],"iteration":785,"passed_time":5.697207037,"remaining_time":1.551147972},
{"learn":[0.04060205817],"iteration":786,"passed_time":5.704366469,"remaining_time":1.54387555},
{"learn":[0.0405982025],"iteration":787,"passed_time":5.711628872,"remaining_time":1.536631118},
{"learn":[0.04059455171],"iteration":788,"passed_time":5.718706884,"remaining_time":1.529337329},
{"learn":[0.0402229391],"iteration":789,"passed_time":5.726124488,"remaining_time":1.522134358},
{"learn":[0.0402193442],"iteration":790,"passed_time":5.732668332,"remaining_time":1.514699977},
{"learn":[0.0402154997],"iteration":791,"passed_time":5.739632898,"remaining_time":1.507378337},
{"learn":[0.04021183401],"iteration":792,"passed_time":5.747137796,"remaining_time":1.500198643},
{"learn":[0.04020874202],"iteration":793,"passed_time":5.754018481,"remaining_time":1.49285618},
{"learn":[0.04020492733],"iteration":794,"passed_time":5.760724282,"remaining_time":1.485469783},
{"learn":[0.04020124674],"iteration":795,"passed_time":5.767625251,"remaining_time":1.478135114},
{"learn":[0.04019763321],"iteration":796,"passed_time":5.775484657,"remaining_time":1.471045653},
{"learn":[0.04019386694],"iteration":797,"passed_time":5.782319863,"remaining_time":1.463695003},
{"learn":[0.04019001126],"iteration":798,"passed_time":5.789739658,"remaining_time":1.456492705},
{"learn":[0.04018636048],"iteration":799,"passed_time":5.796973959,"remaining_time":1.44924349},
{"learn":[0.03982150555],"iteration":800,"passed_time":5.804146673,"remaining_time":1.441979011},
{"learn":[0.03981792182],"iteration":801,"passed_time":5.811264956,"remaining_time":1.434701323},
{"learn":[0.03981434926],"iteration":802,"passed_time":5.817666875,"remaining_time":1.427248287},
{"learn":[0.03981074691],"iteration":803,"passed_time":5.825316194,"remaining_time":1.420101958},
{"learn":[0.03980724141],"iteration":804,"passed_time":5.832581094,"remaining_time":1.412861259},
{"learn":[0.0398042351],"iteration":805,"passed_time":5.839686977,"remaining_time":1.405582225},
{"learn":[0.03980060294],"iteration":806,"passed_time":5.846478855,"remaining_time":1.398228524},
{"learn":[0.03979711235],"iteration":807,"passed_time":5.853624679,"remaining_time":1.39096032},
{"learn":[0.03979350626],"iteration":808,"passed_time":5.860790771,"remaining_time":1.383697203},
{"learn":[0.03978988528],"iteration":809,"passed_time":5.867481001,"remaining_time":1.376322704},
{"learn":[0.03978637233],"iteration":810,"passed_time":5.874522355,"remaining_time":1.36903172},
{"learn":[0.03978290409],"iteration":811,"passed_time":5.881213451,"remaining_time":1.361660257},
{"learn":[0.03977926821],"iteration":812,"passed_time":5.887800744,"remaining_time":1.354266592},
{"learn":[0.03977591544],"iteration":813,"passed_time":5.894584035,"remaining_time":1.346919694},
{"learn":[0.03977255151],"iteration":814,"passed_time":5.901756062,"remaining_time":1.339662419},
{"learn":[0.03976880386],"iteration":815,"passed_time":5.909404444,"remaining_time":1.332512767},
{"learn":[0.03941070288],"iteration":816,"passed_time":5.91945759,"remaining_time":1.325900537},
{"learn":[0.0394076705],"iteration":817,"passed_time":5.929084657,"remaining_time":1.319185095},
{"learn":[0.03940479457],"iteration":818,"passed_time":5.938890867,"remaining_time":1.312502133},
{"learn":[0.0394013077],"iteration":819,"passed_time":5.945863943,"remaining_time":1.305189646},
{"learn":[0.03939846903],"iteration":820,"passed_time":5.954958611,"remaining_time":1.29834055},
{"learn":[0.03939566761],"iteration":821,"passed_time":5.975980925,"remaining_time":1.294068862},
{"learn":[0.03904356062],"iteration":822,"passed_time":5.986247988,"remaining_time":1.28744337},
{"learn":[0.03904020786],"iteration":823,"passed_time":5.993260037,"remaining_time":1.280113794},
{"learn":[0.03903659433],"iteration":824,"passed_time":6.000839203,"remaining_time":1.272905286},
{"learn":[0.03903400525],"iteration":825,"passed_time":6.008021355,"remaining_time":1.265612247},
{"learn":[0.03903070837],"iteration":826,"passed_time":6.015691183,"remaining_time":1.258421493},
{"learn":[0.03902704641],"iteration":827,"passed_time":6.022967459,"remaining_time":1.25114783},
{"learn":[0.03902364895],"iteration":828,"passed_time":6.031086417,"remaining_time":1.244047982},
{"learn":[0.0390208289],"iteration":829,"passed_time":6.038090046,"remaining_time":1.236717238},
{"learn":[0.03901743889],"iteration":830,"passed_time":6.04540489,"remaining_time":1.229450573},
{"learn":[0.03901414201],"iteration":831,"passed_time":6.054081672,"remaining_time":1.222458799},
{"learn":[0.03901080787],"iteration":832,"passed_time":6.060966156,"remaining_time":1.215103659},
{"learn":[0.03900719434],"iteration":833,"passed_time":6.0691711,"remaining_time":1.208012473},
{"learn":[0.03900396451],"iteration":834,"passed_time":6.076924733,"remaining_time":1.200829438},
{"learn":[0.03900049627],"iteration":835,"passed_time":6.084972461,"remaining_time":1.193702732},
{"learn":[0.03899798542],"iteration":836,"passed_time":6.094073419,"remaining_time":1.186778933},
{"learn":[0.03899443895],"iteration":837,"passed_time":6.104974283,"remaining_time":1.180197892},
{"learn":[0.03899114206],"iteration":838,"passed_time":6.11488552,"remaining_time":1.173416649},
{"learn":[0.03898775578],"iteration":839,"passed_time":6.123918304,"remaining_time":1.166460629},
{"learn":[0.03898517042],"iteration":840,"passed_time":6.135120721,"remaining_time":1.159909863},
{"learn":[0.03898273408],"iteration":841,"passed_time":6.145923566,"remaining_time":1.153273068},
{"learn":[0.03863695264],"iteration":842,"passed_time":6.154606909,"remaining_time":1.146231655},
{"learn":[0.03863360733],"iteration":843,"passed_time":6.163176646,"remaining_time":1.139165352},
{"learn":[0.0386303477],"iteration":844,"passed_time":6.170498351,"remaining_time":1.131866561},
{"learn":[0.03862782568],"iteration":845,"passed_time":6.178126765,"remaining_time":1.124623548},
{"learn":[0.03862469271],"iteration":846,"passed_time":6.186312387,"remaining_time":1.117480278},
{"learn":[0.03862129897],"iteration":847,"passed_time":6.194350762,"remaining_time":1.110308156},
{"learn":[0.03861805052],"iteration":848,"passed_time":6.20324689,"remaining_time":1.103286549},
{"learn":[0.03861480206],"iteration":849,"passed_time":6.213983707,"remaining_time":1.09658536},
{"learn":[0.03861128166],"iteration":850,"passed_time":6.223450595,"remaining_time":1.089652337},
{"learn":[0.03860818595],"iteration":851,"passed_time":6.233431418,"remaining_time":1.082802641},
{"learn":[0.03826840967],"iteration":852,"passed_time":6.243021887,"remaining_time":1.075878332},
{"learn":[0.03826522082],"iteration":853,"passed_time":6.253241261,"remaining_time":1.069055298},
{"learn":[0.03826185316],"iteration":854,"passed_time":6.263061069,"remaining_time":1.062156556},
{"learn":[0.03825864196],"iteration":855,"passed_time":6.272662865,"remaining_time":1.055214314},
{"learn":[0.03825625405],"iteration":856,"passed_time":6.282363799,"remaining_time":1.048282407},
{"learn":[0.03825302422],"iteration":857,"passed_time":6.289915178,"remaining_time":1.040988293},
{"learn":[0.03824994713],"iteration":858,"passed_time":6.299478362,"remaining_time":1.034023806},
{"learn":[0.03824666142],"iteration":859,"passed_time":6.306788765,"remaining_time":1.026686543},
{"learn":[0.03824349493],"iteration":860,"passed_time":6.316006212,"remaining_time":1.019657217},
{"learn":[0.03824017942],"iteration":861,"passed_time":6.323634711,"remaining_time":1.012368434},
{"learn":[0.03823699057],"iteration":862,"passed_time":6.33156606,"remaining_time":1.005126941},
{"learn":[0.03790327534],"iteration":863,"passed_time":6.338944511,"remaining_time":0.9977968211},
{"learn":[0.03790015727],"iteration":864,"passed_time":6.347025999,"remaining_time":0.990576312},
{"learn":[0.03789709508],"iteration":865,"passed_time":6.354810226,"remaining_time":0.9833078178},
{"learn":[0.03789388761],"iteration":866,"passed_time":6.364436581,"remaining_time":0.9763207211},
{"learn":[0.03789074346],"iteration":867,"passed_time":6.376598513,"remaining_time":0.9697131379},
{"learn":[0.0378876254],"iteration":868,"passed_time":6.387256266,"remaining_time":0.9628660194},
{"learn":[0.03755952418],"iteration":869,"passed_time":6.396845322,"remaining_time":0.9558504503},
{"learn":[0.03755701706],"iteration":870,"passed_time":6.405165611,"remaining_time":0.9486410607},
{"learn":[0.03755394369],"iteration":871,"passed_time":6.41273334,"remaining_time":0.9413186554},
{"learn":[0.0375508219],"iteration":872,"passed_time":6.419393617,"remaining_time":0.9338636763},
{"learn":[0.0375475511],"iteration":873,"passed_time":6.426414808,"remaining_time":0.9264625467},
{"learn":[0.03754469752],"iteration":874,"passed_time":6.433534495,"remaining_time":0.9190763564},
{"learn":[0.03722205758],"iteration":875,"passed_time":6.440488205,"remaining_time":0.9116672801},
{"learn":[0.03721885383],"iteration":876,"passed_time":6.447866199,"remaining_time":0.9043187486},
{"learn":[0.03721655533],"iteration":877,"passed_time":6.455124217,"remaining_time":0.8969534789},
{"learn":[0.03721358627],"iteration":878,"passed_time":6.464290962,"remaining_time":0.8898512019},
{"learn":[0.03721052408],"iteration":879,"passed_time":6.471261111,"remaining_time":0.882444697},
{"learn":[0.03720731288],"iteration":880,"passed_time":6.478512483,"remaining_time":0.8750771685},
{"learn":[0.03720435873],"iteration":881,"passed_time":6.485404104,"remaining_time":0.8676617735},
{"learn":[0.03720159084],"iteration":882,"passed_time":6.499008187,"remaining_time":0.8611369852},
{"learn":[0.03719849885],"iteration":883,"passed_time":6.512638679,"remaining_time":0.8545996456},
{"learn":[0.03719558567],"iteration":884,"passed_time":6.527074126,"remaining_time":0.8481508751},
{"learn":[0.03719254583],"iteration":885,"passed_time":6.540709224,"remaining_time":0.8415810965},
{"learn":[0.03718976304],"iteration":886,"passed_time":6.554470463,"remaining_time":0.8350114569},
{"learn":[0.0371869579],"iteration":887,"passed_time":6.578551276,"remaining_time":0.8297271879},
{"learn":[0.03718390316],"iteration":888,"passed_time":6.591218457,"remaining_time":0.8229755329},
{"learn":[0.03718113527],"iteration":889,"passed_time":6.59837837,"remaining_time":0.8155299109},
{"learn":[0.03686380386],"iteration":890,"passed_time":6.605218307,"remaining_time":0.8080457862},
{"learn":[0.03686118871],"iteration":891,"passed_time":6.612355195,"remaining_time":0.8005990595},
{"learn":[0.0368584916],"iteration":892,"passed_time":6.61903936,"remaining_time":0.7930987811},
{"learn":[0.03685560822],"iteration":893,"passed_time":6.625962922,"remaining_time":0.7856287134},
{"learn":[0.03685268015],"iteration":894,"passed_time":6.633007173,"remaining_time":0.7781740259},
{"learn":[0.03654069826],"iteration":895,"passed_time":6.639908132,"remaining_time":0.7707036224},
{"learn":[0.03653782606],"iteration":896,"passed_time":6.647670491,"remaining_time":0.7633334009},
{"learn":[0.03653494269],"iteration":897,"passed_time":6.654282363,"remaining_time":0.7558316269},
{"learn":[0.03653230146],"iteration":898,"passed_time":6.661265192,"remaining_time":0.7483735088},
{"learn":[0.03652935475],"iteration":899,"passed_time":6.668125819,"remaining_time":0.7409028688},
{"learn":[0.03622241318],"iteration":900,"passed_time":6.675244107,"remaining_time":0.7334618941},
{"learn":[0.03621976078],"iteration":901,"passed_time":6.682088691,"remaining_time":0.7259918976},
{"learn":[0.03621729091],"iteration":902,"passed_time":6.688554663,"remaining_time":0.7184826161},
{"learn":[0.03621436656],"iteration":903,"passed_time":6.695844346,"remaining_time":0.7110631164},
{"learn":[0.03621158749],"iteration":904,"passed_time":6.702688033,"remaining_time":0.7035970863},
{"learn":[0.03620887548],"iteration":905,"passed_time":6.709756346,"remaining_time":0.6961557357},
{"learn":[0.03620620072],"iteration":906,"passed_time":6.71701468,"remaining_time":0.6887346915},
{"learn":[0.03620340675],"iteration":907,"passed_time":6.723458234,"remaining_time":0.681231451},
{"learn":[0.03620087355],"iteration":908,"passed_time":6.730509777,"remaining_time":0.6737914079},
{"learn":[0.03589897603],"iteration":909,"passed_time":6.737521496,"remaining_time":0.6663482798},
{"learn":[0.03589626402],"iteration":910,"passed_time":6.744824401,"remaining_time":0.6589345463},
{"learn":[0.03559943289],"iteration":911,"passed_time":6.751506591,"remaining_time":0.6514611623},
{"learn":[0.03559659794],"iteration":912,"passed_time":6.758133238,"remaining_time":0.6439842187},
{"learn":[0.03530439734],"iteration":913,"passed_time":6.76504,"remaining_time":0.6365354923},
{"learn":[0.03530167043],"iteration":914,"passed_time":6.77188337,"remaining_time":0.6290820617},
{"learn":[0.03529897332],"iteration":915,"passed_time":6.778688344,"remaining_time":0.621626442},
{"learn":[0.03529597446],"iteration":916,"passed_time":6.787107575,"remaining_time":0.614318352},
{"learn":[0.03529339284],"iteration":917,"passed_time":6.796646356,"remaining_time":0.6071078444},
{"learn":[0.03529071808],"iteration":918,"passed_time":6.803037339,"remaining_time":0.5996148253},
{"learn":[0.03528802469],"iteration":919,"passed_time":6.809530276,"remaining_time":0.5921330674},
{"learn":[0.03500062972],"iteration":920,"passed_time":6.816672416,"remaining_time":0.5847091432},
{"learn":[0.03499805927],"iteration":921,"passed_time":6.82354873,"remaining_time":0.5772633416},
{"learn":[0.03499513492],"iteration":922,"passed_time":6.830948076,"remaining_time":0.5698624072},
{"learn":[0.03499266133],"iteration":923,"passed_time":6.837499714,"remaining_time":0.5623917513},
{"learn":[0.03470958397],"iteration":924,"passed_time":6.844788114,"remaining_time":0.5549828201},
{"learn":[0.03470687196],"iteration":925,"passed_time":6.851947486,"remaining_time":0.5475638379},
{"learn":[0.03470436856],"iteration":926,"passed_time":6.858873699,"remaining_time":0.5401270551},
{"learn":[0.03470144793],"iteration":927,"passed_time":6.865666684,"remaining_time":0.5326810359},
{"learn":[0.03469911218],"iteration":928,"passed_time":6.872592678,"remaining_time":0.5252465878},
{"learn":[0.03442059457],"iteration":929,"passed_time":6.879446558,"remaining_time":0.5178078055},
{"learn":[0.03441786021],"iteration":930,"passed_time":6.88638664,"remaining_time":0.5103766683},
{"learn":[0.03441499919],"iteration":931,"passed_time":6.909272855,"remaining_time":0.5041100366},
{"learn":[0.03441262245],"iteration":932,"passed_time":6.915855231,"remaining_time":0.496636978},
{"learn":[0.0344099775],"iteration":933,"passed_time":6.922748916,"remaining_time":0.4891878249},
{"learn":[0.03440754116],"iteration":934,"passed_time":6.929822062,"remaining_time":0.4817523358},
{"learn":[0.03440501541],"iteration":935,"passed_time":6.936481016,"remaining_time":0.4742893002},
{"learn":[0.03440216929],"iteration":936,"passed_time":6.943359135,"remaining_time":0.4668427166},
{"learn":[0.03439979628],"iteration":937,"passed_time":6.949807776,"remaining_time":0.4593689574},
{"learn":[0.03412561864],"iteration":938,"passed_time":6.956789111,"remaining_time":0.451931987},
{"learn":[0.03412313014],"iteration":939,"passed_time":6.964046197,"remaining_time":0.444513587},
{"learn":[0.0338530764],"iteration":940,"passed_time":6.971155388,"remaining_time":0.4370862571},
{"learn":[0.03385073692],"iteration":941,"passed_time":6.978031372,"remaining_time":0.4296452437},
{"learn":[0.03384832293],"iteration":942,"passed_time":6.984730532,"remaining_time":0.4221947406},
{"learn":[0.03384567425],"iteration":943,"passed_time":6.991644226,"remaining_time":0.4147585558},
{"learn":[0.03384320438],"iteration":944,"passed_time":6.998376806,"remaining_time":0.4073129358},
{"learn":[0.03384075686],"iteration":945,"passed_time":7.004911449,"remaining_time":0.3998575245},
{"learn":[0.03383814543],"iteration":946,"passed_time":7.011611761,"remaining_time":0.3924133298},
{"learn":[0.0338357687],"iteration":947,"passed_time":7.018249359,"remaining_time":0.3849672644},
{"learn":[0.03383300453],"iteration":948,"passed_time":7.025252663,"remaining_time":0.3775425562},
{"learn":[0.03383054212],"iteration":949,"passed_time":7.032121665,"remaining_time":0.3701116666},
{"learn":[0.03382798284],"iteration":950,"passed_time":7.038874709,"remaining_time":0.3626759839},
{"learn":[0.03382577747],"iteration":951,"passed_time":7.045541968,"remaining_time":0.3552374102},
{"learn":[0.03355989978],"iteration":952,"passed_time":7.052437779,"remaining_time":0.3478117268},
{"learn":[0.03329815343],"iteration":953,"passed_time":7.059348856,"remaining_time":0.3403878904},
{"learn":[0.03329582512],"iteration":954,"passed_time":7.066232889,"remaining_time":0.3329638534},
{"learn":[0.0332932286],"iteration":955,"passed_time":7.072889849,"remaining_time":0.3255304951},
{"learn":[0.03303553164],"iteration":956,"passed_time":7.079600607,"remaining_time":0.3181011767},
{"learn":[0.03303306922],"iteration":957,"passed_time":7.086039665,"remaining_time":0.3106614467},
{"learn":[0.03303078935],"iteration":958,"passed_time":7.092429916,"remaining_time":0.303221717},
{"learn":[0.03302857652],"iteration":959,"passed_time":7.099011946,"remaining_time":0.2957921644},
{"learn":[0.03277457133],"iteration":960,"passed_time":7.105736107,"remaining_time":0.2883701438},
{"learn":[0.03252435848],"iteration":961,"passed_time":7.112342425,"remaining_time":0.2809449191},
{"learn":[0.03252210468],"iteration":962,"passed_time":7.119027141,"remaining_time":0.2735244073},
{"learn":[0.03251981735],"iteration":963,"passed_time":7.125734691,"remaining_time":0.2661062748},
{"learn":[0.03251729161],"iteration":964,"passed_time":7.132695738,"remaining_time":0.2586988092},
{"learn":[0.03251485527],"iteration":965,"passed_time":7.139372084,"remaining_time":0.2512822473},
{"learn":[0.03251238912],"iteration":966,"passed_time":7.14596288,"remaining_time":0.2438642968},
{"learn":[0.03251013905],"iteration":967,"passed_time":7.152895895,"remaining_time":0.2364593684},
{"learn":[0.03250779212],"iteration":968,"passed_time":7.159451733,"remaining_time":0.2290433475},
{"learn":[0.03250550851],"iteration":969,"passed_time":7.166343564,"remaining_time":0.2216394917},
{"learn":[0.03250292689],"iteration":970,"passed_time":7.173561336,"remaining_time":0.2142464251},
{"learn":[0.03250055388],"iteration":971,"passed_time":7.180428167,"remaining_time":0.2068436098},
{"learn":[0.03249815106],"iteration":972,"passed_time":7.187559552,"remaining_time":0.1994492373},
{"learn":[0.03249601275],"iteration":973,"passed_time":7.194349059,"remaining_time":0.1920462788},
{"learn":[0.03249356896],"iteration":974,"passed_time":7.200787084,"remaining_time":0.1846355663},
{"learn":[0.03249124438],"iteration":975,"passed_time":7.207663469,"remaining_time":0.1772376263},
{"learn":[0.03224502504],"iteration":976,"passed_time":7.214342451,"remaining_time":0.1698361068},
{"learn":[0.03224276751],"iteration":977,"passed_time":7.220791082,"remaining_time":0.1624308832},
{"learn":[0.03224049509],"iteration":978,"passed_time":7.227494101,"remaining_time":0.1550330706},
{"learn":[0.0322380662],"iteration":979,"passed_time":7.234454427,"remaining_time":0.1476419271},
{"learn":[0.0319955349],"iteration":980,"passed_time":7.241236972,"remaining_time":0.1402482186},
{"learn":[0.03175648674],"iteration":981,"passed_time":7.247978929,"remaining_time":0.1328550109},
{"learn":[0.03175397217],"iteration":982,"passed_time":7.25469085,"remaining_time":0.1254626088},
{"learn":[0.03175175563],"iteration":983,"passed_time":7.261390843,"remaining_time":0.1180713958},
{"learn":[0.03174933419],"iteration":984,"passed_time":7.268459437,"remaining_time":0.1106871996},
{"learn":[0.03174716979],"iteration":985,"passed_time":7.275067009,"remaining_time":0.1032970975},
{"learn":[0.03174489737],"iteration":986,"passed_time":7.282181623,"remaining_time":0.09591525947},
{"learn":[0.03174247593],"iteration":987,"passed_time":7.289861801,"remaining_time":0.08854083159},
{"learn":[0.0317402035],"iteration":988,"passed_time":7.296520745,"remaining_time":0.08115442689},
{"learn":[0.03173796088],"iteration":989,"passed_time":7.303751267,"remaining_time":0.07377526532},
{"learn":[0.03173598275],"iteration":990,"passed_time":7.310345993,"remaining_time":0.0663906296},
{"learn":[0.03173363954],"iteration":991,"passed_time":7.316973296,"remaining_time":0.05900784916},
{"learn":[0.03173163906],"iteration":992,"passed_time":7.323320875,"remaining_time":0.05162461846},
{"learn":[0.03149592131],"iteration":993,"passed_time":7.332004645,"remaining_time":0.04425757331},
{"learn":[0.0314938724],"iteration":994,"passed_time":7.338923305,"remaining_time":0.03687901158},
{"learn":[0.03149146587],"iteration":995,"passed_time":7.345916695,"remaining_time":0.02950167347},
{"learn":[0.03148911148],"iteration":996,"passed_time":7.352968539,"remaining_time":0.02212528146},
{"learn":[0.03148703277],"iteration":997,"passed_time":7.359367551,"remaining_time":0.01474823157},
{"learn":[0.03148471564],"iteration":998,"passed_time":7.36718815,"remaining_time":0.007374562713},
{"learn":[0.03148266673],"iteration":999,"passed_time":7.37379106,"remaining_time":0}
]}